"CustomerID";"Recency";"Frequency";"Monetary"
"12722";0.004304160688665348;0.014423076923076924;0.003540328336902213
"14540";0.4060258249641322;0.009615384615384616;0.0035331905781584585
"15110";0.30989956958393083;0.014423076923076924;0.0035331905781584585
"16009";0.2180774748923957;0.014423076923076924;0.003522483940042827
"16232";0.18220946915351455;0.014423076923076924;0.0035153461812990725
"14223";0.1764705882352935;0.009615384615384616;0.0035153461812990725
"17324";0.012912482065996933;0.014423076923076924;0.0035117773019271953
"17939";0.39885222381635543;0.0;0.00033190578158458244
"15062";0.2697274031563843;0.014423076923076924;0.0035046395431834404
"16376";0.4763271162123388;0.004807692307692308;0.0035010706638115632
"18237";0.0028694404591105283;0.019230769230769232;0.0035010706638115632
"13117";0.09038737446197942;0.03365384615384616;0.003493932905067809
"17144";0.17216642754662814;0.004807692307692308;0.003493932905067809
"15071";0.14060258249641322;0.004807692307692308;0.0034832262669521772
"15133";0.05451936872309915;0.009615384615384616;0.0034832262669521772
"16907";0.08608321377331407;0.019230769230769232;0.0034832262669521772
"16085";0.0;0.019230769230769232;0.0034832262669521772
"16188";0.05164992826398862;0.014423076923076924;0.0034832262669521772
"14138";0.17216642754662814;0.004807692307692308;0.0034832262669521772
"12541";0.08608321377331407;0.009615384615384616;0.0034796573875803
"13509";0.05308464849354344;0.02884615384615385;0.003476088508208423
"18170";0.26111908177905274;0.009615384615384616;0.003476088508208423
"18033";0.3070301291248203;0.0;0.00032833690221270524
"14920";0.05021520803443291;0.004807692307692308;0.0034689507494646684
"15860";0.22238163558106105;0.03365384615384616;0.0034653818700927912
"14522";0.1764705882352935;0.014423076923076924;0.003458244111349037
"15449";0.22525107604017158;0.009615384615384616;0.003458244111349037
"13026";0.14060258249641322;0.019230769230769232;0.003458244111349037
"12994";0.045911047345767564;0.009615384615384616;0.003454675231977159
"15747";0.045911047345767564;0.009615384615384616;0.003454675231977159
"17618";0.3156384505021519;0.009615384615384616;0.003447537473233405
"13155";0.26111908177905274;0.014423076923076924;0.003447537473233405
"16419";0.14060258249641322;0.02403846153846154;0.003447537473233405
"17325";0.36011477761836463;0.0;0.000324768022840828
"14256";0.6083213773314204;0.004807692307692308;0.003436830835117773
"15907";0.2596843615494979;0.009615384615384616;0.003429693076374019
"13138";0.9555236728837873;0.02403846153846154;0.003411848679514633
"14006";0.008608321377331585;0.009615384615384616;0.003411848679514633
"15156";0.17216642754662814;0.009615384615384616;0.0034082798001427556
"17024";0.31133428981348654;0.009615384615384616;0.0003211991434689508
"14642";0.0;0.0;0.0003211991434689508
"14629";0.3041606886657098;0.004807692307692308;0.0034011420413990008
"13823";0.13199426111908164;0.004807692307692308;0.0033975731620271236
"12697";0.04160688665710133;0.009615384615384616;0.0033975731620271236
"15948";0.4763271162123388;0.004807692307692308;0.003386866523911492
"17097";0.2166427546628409;0.03365384615384616;0.0033832976445396148
"15421";0.0;0.014423076923076924;0.003369022127052106
"13636";0.13342898134863646;0.019230769230769232;0.0033654532476802288
"13748";0.2281205164992821;0.019230769230769232;0.0033618843683083516
"15787";0.13055954088952593;0.009615384615384616;0.0033618843683083516
"15707";0.26255380200860845;0.014423076923076924;0.0033547466095645967
"17289";0.0057388809182210565;0.009615384615384616;0.0033476088508208423
"14075";0.3041606886657098;0.009615384615384616;0.003340471092077088
"12820";0.2596843615494979;0.014423076923076924;0.003340471092077088
"15576";0.4332855093256809;0.0;0.0033369022127052107
"15289";0.08608321377331407;0.009615384615384616;0.0033333333333333335
"13651";0.3486370157819225;0.004807692307692308;0.00031406138472519634
"13283";0.043041606886657036;0.004807692307692308;0.00031406138472519634
"18227";0.2697274031563843;0.0;0.00031406138472519634
"17527";0.31420373027259707;0.014423076923076924;0.0033297644539614563
"17227";0.08751793400286889;0.02403846153846154;0.0033297644539614563
"14140";0.17360114777618385;0.004807692307692308;0.0033154889364739475
"16027";0.098995695839311;0.02403846153846154;0.0033154889364739475
"14081";0.098995695839311;0.004807692307692308;0.0033154889364739475
"12924";0.00143472022955482;0.014423076923076924;0.0033119200571020703
"13655";0.008608321377331585;0.004807692307692308;0.003308351177730193
"18133";0.05021520803443291;0.0;0.0033047822983583155
"17552";0.08751793400286889;0.014423076923076924;0.003297644539614561
"12821";0.1377331420373027;0.0;0.0003104925053533191
"14231";0.13629842180774698;0.009615384615384616;0.0032833690221270523
"14475";0.18651362984218078;0.009615384615384616;0.0032833690221270523
"17048";0.012912482065996933;0.009615384615384616;0.003279800142755175
"13805";0.4375896700143471;0.004807692307692308;0.003279800142755175
"15312";0.18220946915351455;0.014423076923076924;0.003279800142755175
"16551";0.23242467718794835;0.009615384615384616;0.0032690935046395435
"13122";0.26398852223816327;0.004807692307692308;0.0032690935046395435
"17323";0.13055954088952593;0.02884615384615385;0.0032655246252676663
"13984";0.30989956958393083;0.019230769230769232;0.0032655246252676663
"13075";0.4375896700143471;0.0;0.003261955745895789
"12652";0.012912482065996933;0.0;0.003261955745895789
"14054";0.3070301291248203;0.0;0.00030692362598144183
"12789";0.3070301291248203;0.0;0.00030692362598144183
"12659";0.08608321377331407;0.0;0.00030692362598144183
"13549";0.004304160688665348;0.02884615384615385;0.0032548179871520343
"15253";0.00143472022955482;0.019230769230769232;0.0032548179871520343
"14712";0.08608321377331407;0.009615384615384616;0.003251249107780157
"17236";0.05164992826398862;0.02403846153846154;0.00324768022840828
"16809";0.13055954088952593;0.019230769230769232;0.0032441113490364027
"14141";0.043041606886657036;0.014423076923076924;0.0032441113490364027
"15587";0.044476327116211856;0.014423076923076924;0.0032405424696645255
"15364";0.308464849354376;0.004807692307692308;0.0032369735902926483
"13782";0.22238163558106105;0.02403846153846154;0.003233404710920771
"13192";0.308464849354376;0.004807692307692308;0.003233404710920771
"14289";0.008608321377331585;0.02403846153846154;0.003229835831548894
"18096";0.21951219512195141;0.009615384615384616;0.003229835831548894
"13689";0.21951219512195141;0.0;0.0032262669521770167
"17511";0.008608321377331585;0.14423076923076922;0.3249678800856531
"13947";0.3070301291248203;0.0;0.00030335474660956463
"15488";0.1764705882352935;0.0;0.00030335474660956463
"14353";0.18220946915351455;0.0;0.00030335474660956463
"15511";0.47776183644189363;0.019230769230769232;0.0032226980728051395
"13038";0.13629842180774698;0.009615384615384616;0.0032191291934332623
"14449";0.2281205164992821;0.014423076923076924;0.003215560314061385
"16716";0.49067431850789056;0.004807692307692308;0.0031941470378301215
"17848";0.3586800573888089;0.038461538461538464;0.0031941470378301215
"17566";0.4763271162123388;0.004807692307692308;0.0031941470378301215
"17886";0.17360114777618385;0.009615384615384616;0.0031905781584582443
"15552";0.2697274031563843;0.0;0.0002997858672376874
"14219";0.3041606886657098;0.0;0.0002997858672376874
"16597";0.3041606886657098;0.0;0.0002997858672376874
"12590";0.0071736011477758765;0.004807692307692308;0.03518201284796574
"13001";0.18077474892395973;0.057692307692307696;0.03502141327623126
"13199";0.17360114777618385;0.1778846153846154;0.03501427551748751
"15078";0.13342898134863646;0.14903846153846154;0.03475017844396859
"12709";0.0;0.06730769230769232;0.03472876516773733
"13458";0.008608321377331585;0.06250000000000001;0.03440756602426838
"14733";0.05595408895265397;0.05288461538461539;0.03418986438258387
"16523";0.044476327116211856;0.09615384615384616;0.03359029264810849
"12567";0.18077474892395973;0.04326923076923077;0.03352962169878658
"14367";0.047345767575322384;0.07211538461538462;0.033033547466095645
"14667";0.09756097560975618;0.11538461538461539;0.03295860099928622
"18092";0.0028694404591105283;0.04807692307692309;0.03234118486795146
"13969";0.043041606886657036;0.08173076923076923;0.03229122055674518
"12451";0.3070301291248203;0.019230769230769232;0.03222698072805139
"13662";0.05021520803443291;0.009615384615384616;0.00318344039971449
"17537";0.08608321377331407;0.004807692307692308;0.00318344039971449
"15079";0.05021520803443291;0.014423076923076924;0.0031763026409707355
"15865";0.00143472022955482;0.009615384615384616;0.0031727337615988583
"15211";0.08751793400286889;0.004807692307692308;0.003169164882226981
"12772";0.043041606886657036;0.0;0.0031620271234832267
"15255";0.35007173601147734;0.0;0.0031584582441113495
"13515";0.27116212338593915;0.014423076923076924;0.0031584582441113495
"14344";0.14060258249641322;0.03365384615384616;0.003154889364739472
"17007";0.1377331420373027;0.02403846153846154;0.003154889364739472
"14240";0.1291248206599711;0.004807692307692308;0.003154889364739472
"17027";0.48923959827833574;0.02403846153846154;0.003154889364739472
"12686";0.9153515064562416;0.0;0.0002962169878658102
"14436";0.4361549497847914;0.0;0.0002962169878658102
"14623";0.2180774748923957;0.019230769230769232;0.0031513204853675946
"16347";0.3931133428981344;0.004807692307692308;0.0031477516059957174
"16900";0.21951219512195141;0.009615384615384616;0.0031441827266238402
"17109";0.08608321377331407;0.02403846153846154;0.003137044967880086
"15822";0.2596843615494979;0.004807692307692308;0.003137044967880086
"15799";0.14347202295552375;0.009615384615384616;0.0031334760885082086
"14597";0.4849354375896695;0.004807692307692308;0.0031299072091363314
"18236";0.08608321377331407;0.02403846153846154;0.0031263383297644542
"13037";0.3572453371592541;0.009615384615384616;0.003122769450392577
"15180";0.7403156384505021;0.0;0.0002926481084939329
"15653";0.1764705882352935;0.004807692307692308;0.0031084939329050682
"15100";0.10043041606886671;0.009615384615384616;0.0031049250535331906
"16513";0.3041606886657098;0.014423076923076924;0.0031013561741613134
"13294";0.3586800573888089;0.004807692307692308;0.003097787294789436
"15208";0.17216642754662814;0.019230769230769232;0.0030835117773019274
"12694";0.13629842180774698;0.004807692307692308;0.0030835117773019274
"13200";0.30989956958393083;0.014423076923076924;0.0030835117773019274
"13203";0.045911047345767564;0.014423076923076924;0.00307994289793005
"14912";0.2281205164992821;0.004807692307692308;0.003076374018558173
"16235";0.05595408895265397;0.019230769230769232;0.003072805139186296
"14715";0.012912482065996933;0.014423076923076924;0.003072805139186296
"16121";0.18220946915351455;0.004807692307692308;0.003072805139186296
"16567";0.23242467718794835;0.004807692307692308;0.0030692362598144186
"14332";0.35007173601147734;0.009615384615384616;0.0030692362598144186
"16221";0.14060258249641322;0.009615384615384616;0.0030656673804425414
"13846";0.05164992826398862;0.009615384615384616;0.0030656673804425414
"12680";0.044476327116211856;0.014423076923076924;0.003058529621698787
"14577";0.5208034433285507;0.014423076923076924;0.003047822983583155
"12794";0.4361549497847914;0.004807692307692308;0.003047822983583155
"17064";0.0;0.009615384615384616;0.0030442541042112778
"14553";0.26111908177905274;0.019230769230769232;0.0030442541042112778
"16163";0.6513629842180775;0.004807692307692308;0.0030371163454675234
"12693";0.0071736011477758765;0.014423076923076924;0.003033547466095646
"17560";0.22381635581061676;0.014423076923076924;0.003029978586723769
"16037";0.18651362984218078;0.009615384615384616;0.003029978586723769
"16877";0.09182209469153513;0.02403846153846154;0.0030264097073518918
"14193";0.3945480631276901;0.004807692307692308;0.0030228408279800146
"16070";0.2180774748923957;0.004807692307692308;0.0030192719486081374
"16020";0.3070301291248203;0.009615384615384616;0.00301570306923626
"13841";0.48780487804878003;0.0;0.0002819414703783012
"15729";0.05021520803443291;0.0;0.0002819414703783012
"13666";0.08751793400286889;0.009615384615384616;0.0002819414703783012
"12713";0.1276901004304154;0.0;0.0030085653104925058
"14657";0.22381635581061676;0.014423076923076924;0.003004996431120628
"16924";0.26255380200860845;0.009615384615384616;0.003001427551748751
"14803";0.14060258249641322;0.009615384615384616;0.0029978586723768737
"15965";0.04160688665710133;0.014423076923076924;0.0029978586723768737
"15164";0.3629842180774743;0.009615384615384616;0.002987152034261242
"17624";0.31420373027259707;0.004807692307692308;0.002987152034261242
"17929";0.36154949784791945;0.014423076923076924;0.002987152034261242
"17076";0.05308464849354344;0.009615384615384616;0.0029800142755174877
"12401";0.14203730272596804;0.0;0.000278372591006424
"13940";0.26255380200860845;0.014423076923076924;0.0029728765167737333
"17115";0.09325681492108995;0.009615384615384616;0.002969307637401856
"16554";0.012912482065996933;0.009615384615384616;0.002965738758029979
"16747";0.3945480631276901;0.004807692307692308;0.0029621698786581017
"17169";0.13629842180774698;0.004807692307692308;0.0029621698786581017
"12728";0.05595408895265397;0.014423076923076924;0.0029621698786581017
"13835";0.18220946915351455;0.014423076923076924;0.0029586009992862245
"16644";0.05021520803443291;0.004807692307692308;0.002955032119914347
"15862";0.4763271162123388;0.014423076923076924;0.0029514632405424697
"14644";0.3945480631276901;0.004807692307692308;0.0029443254817987153
"17309";0.308464849354376;0.0;0.00027480371163454676
"13681";0.22381635581061676;0.014423076923076924;0.0029336188436830837
"12781";0.21951219512195141;0.004807692307692308;0.0029300499643112065
"12461";0.17934002869440402;0.004807692307692308;0.0029300499643112065
"17921";0.26255380200860845;0.014423076923076924;0.0029300499643112065
"15525";0.2166427546628409;0.009615384615384616;0.0029264810849393293
"12427";0.08751793400286889;0.009615384615384616;0.0029264810849393293
"16284";0.17360114777618385;0.004807692307692308;0.002919343326195575
"12778";0.13629842180774698;0.02403846153846154;0.0029122055674518205
"17764";0.0071736011477758765;0.004807692307692308;0.0029014989293361885
"13220";0.22525107604017158;0.014423076923076924;0.0029014989293361885
"16943";0.0071736011477758765;0.009615384615384616;0.002894361170592434
"15649";0.23242467718794835;0.004807692307692308;0.002890792291220557
"15399";0.17216642754662814;0.009615384615384616;0.002890792291220557
"14499";0.27259684361549485;0.009615384615384616;0.0028872234118486797
"13811";0.13629842180774698;0.009615384615384616;0.0028872234118486797
"16460";0.04160688665710133;0.009615384615384616;0.0028872234118486797
"13280";0.13342898134863646;0.009615384615384616;0.0028872234118486797
"16600";0.3041606886657098;0.02403846153846154;0.0028836545324768025
"14421";0.0071736011477758765;0.004807692307692308;0.0028800856531049253
"16621";0.18220946915351455;0.014423076923076924;0.0028800856531049253
"13637";0.31276901004304136;0.009615384615384616;0.002872947894361171
"16891";0.17216642754662814;0.019230769230769232;0.0028693790149892937
"16029";0.043041606886657036;0.29807692307692313;0.2891470378301213
"17620";0.043041606886657036;0.0;0.0002676659528907923
"16789";0.4763271162123388;0.0;0.0002676659528907923
"18281";0.0057388809182210565;0.0;0.0002676659528907923
"17114";0.14347202295552375;0.03365384615384616;0.0028658101356174165
"15533";0.044476327116211856;0.009615384615384616;0.0028622412562455393
"15952";0.26111908177905274;0.014423076923076924;0.002858672376873662
"12422";0.308464849354376;0.009615384615384616;0.00284796573875803
"16367";0.4332855093256809;0.004807692307692308;0.00284796573875803
"18248";0.13342898134863646;0.004807692307692308;0.00284796573875803
"18265";0.3543758967001436;0.004807692307692308;0.0028408279800142757
"15831";0.0;0.009615384615384616;0.0028408279800142757
"16806";0.40172166427546596;0.014423076923076924;0.0028372591006423985
"15561";0.18220946915351455;0.014423076923076924;0.0028372591006423985
"17905";0.2668579626972738;0.014423076923076924;0.0028336902212705213
"13747";1.0;0.0;0.0002640970735189151
"13488";0.012912482065996933;0.057692307692307696;0.03198429693076374
"13090";0.17360114777618385;0.06250000000000001;0.03178087080656674
"16033";0.0071736011477758765;0.09134615384615385;0.0314418272662384
"17017";0.2166427546628409;0.09134615384615385;0.031006423982869378
"17243";0.04160688665710133;0.1201923076923077;0.030945753033547466
"17306";0.18507890961262508;0.08653846153846155;0.030781584582441113
"16656";0.004304160688665348;0.06730769230769232;0.030763740185581725
"14527";0.00143472022955482;0.25961538461538464;0.03034618129907209
"12683";0.0071736011477758765;0.06730769230769232;0.03023197715917202
"15358";0.00143472022955482;0.10096153846153848;0.02976802284082798
"16558";0.05308464849354344;0.09134615384615385;0.029735902926481084
"14056";0.05021520803443291;0.10576923076923078;0.029296930763740184
"14936";0.14060258249641322;0.03365384615384616;0.02901855817273376
"16672";0.008608321377331585;0.09134615384615385;0.029011420413990005
"13854";0.00143472022955482;0.11538461538461539;0.028922198429693076
"14952";0.00143472022955482;0.04807692307692309;0.028882940756602426
"18109";0.0057388809182210565;0.1201923076923077;0.028718772305496073
"14796";0.047345767575322384;0.07692307692307693;0.02860813704496788
"13030";0.7833572453371591;0.004807692307692308;0.002830121341898644
"17703";0.3486370157819225;0.009615384615384616;0.002830121341898644
"12701";0.05164992826398862;0.004807692307692308;0.002826552462526767
"16438";0.3472022955523668;0.019230769230769232;0.002826552462526767
"17180";0.008608321377331585;0.014423076923076924;0.0028194147037830125
"14976";0.09756097560975618;0.02884615384615385;0.002801570306923626
"13167";0.3945480631276901;0.014423076923076924;0.002801570306923626
"16759";0.1291248206599711;0.009615384615384616;0.002798001427551749
"13016";0.1779053084648492;0.009615384615384616;0.002798001427551749
"15753";0.18651362984218078;0.0;0.00026052819414703785
"16078";0.48923959827833574;0.0;0.00026052819414703785
"13329";0.17360114777618385;0.004807692307692308;0.0027944325481798716
"13323";0.2180774748923957;0.019230769230769232;0.0027908636688079944
"13884";0.044476327116211856;0.019230769230769232;0.0027908636688079944
"13212";0.13055954088952593;0.009615384615384616;0.0027908636688079944
"16546";0.9555236728837873;0.004807692307692308;0.0027872947894361172
"13109";0.043041606886657036;0.004807692307692308;0.0027872947894361172
"12628";0.26111908177905274;0.009615384615384616;0.00278372591006424
"15806";0.18507890961262508;0.009615384615384616;0.002780157030692363
"15743";0.18077474892395973;0.014423076923076924;0.0027765881513204856
"17387";0.26111908177905274;0.004807692307692308;0.0027765881513204856
"18136";0.0071736011477758765;0.009615384615384616;0.0027765881513204856
"17006";0.17360114777618385;0.014423076923076924;0.0027694503925767312
"13583";0.22381635581061676;0.0;0.002765881513204854
"15679";0.09325681492108995;0.014423076923076924;0.002765881513204854
"17341";0.2668579626972738;0.009615384615384616;0.002765881513204854
"16725";0.098995695839311;0.02884615384615385;0.002765881513204854
"17797";0.09325681492108995;0.009615384615384616;0.002762312633832977
"12735";0.2754662840746054;0.004807692307692308;0.002762312633832977
"17942";0.43185078909612606;0.0;0.0002569593147751606
"13375";0.00143472022955482;0.0;0.0027587437544610996
"14815";0.3931133428981344;0.004807692307692308;0.0027587437544610996
"16505";0.17360114777618385;0.0;0.002755174875089222
"17414";0.18077474892395973;0.004807692307692308;0.002755174875089222
"15353";0.7403156384505021;0.004807692307692308;0.002751605995717345
"15618";0.1764705882352935;0.014423076923076924;0.002751605995717345
"13314";0.17216642754662814;0.009615384615384616;0.0027480371163454676
"16825";0.22525107604017158;0.004807692307692308;0.0027444682369735904
"15414";0.05164992826398862;0.009615384615384616;0.0027444682369735904
"14234";0.1291248206599711;0.014423076923076924;0.0027444682369735904
"16043";0.0071736011477758765;0.014423076923076924;0.002740899357601713
"12965";0.044476327116211856;0.0;0.002733761598857959
"17409";0.18077474892395973;0.004807692307692308;0.002733761598857959
"14662";0.04160688665710133;0.014423076923076924;0.0027301927194860816
"16770";0.9555236728837873;0.019230769230769232;0.0027266238401142044
"13992";0.1291248206599711;0.0;0.0002533904354032834
"17516";0.0028694404591105283;0.019230769230769232;0.00271948608137045
"14672";0.23242467718794835;0.004807692307692308;0.0027123483226266956
"17268";0.004304160688665348;0.014423076923076924;0.0027052105638829408
"14883";0.0071736011477758765;0.02403846153846154;0.0026980728051391864
"16205";0.1291248206599711;0.014423076923076924;0.002694503925767309
"15668";0.2697274031563843;0.0;0.00024982155603140615
"16610";0.3572453371592541;0.0;0.00024982155603140615
"17995";0.4045911047345765;0.0;0.00024982155603140615
"18113";0.7833572453371591;0.0;0.00024982155603140615
"17425";0.08751793400286889;0.004807692307692308;0.0026873661670235548
"12413";0.2754662840746054;0.009615384615384616;0.0026837972876516776
"15568";0.2166427546628409;0.009615384615384616;0.0026837972876516776
"17979";0.3486370157819225;0.014423076923076924;0.0026837972876516776
"17461";0.08608321377331407;0.009615384615384616;0.0026802284082798004
"15223";0.3586800573888089;0.004807692307692308;0.002676659528907923
"13370";0.9153515064562416;0.0;0.002673090649536046
"18104";0.4332855093256809;0.0;0.002673090649536046
"13730";0.4835007173601147;0.004807692307692308;0.0026659528907922916
"15656";0.40172166427546596;0.014423076923076924;0.0026516773733047823
"13623";0.1291248206599711;0.019230769230769232;0.002648108493932905
"14201";0.08751793400286889;0.02884615384615385;0.002644539614561028
"16261";0.2281205164992821;0.014423076923076924;0.002644539614561028
"14050";0.17360114777618385;0.004807692307692308;0.0026409707351891507
"13950";0.2281205164992821;0.014423076923076924;0.0026374018558172735
"14790";0.0028694404591105283;0.014423076923076924;0.0026374018558172735
"15252";0.13629842180774698;0.004807692307692308;0.0026231263383297647
"13900";0.13629842180774698;0.009615384615384616;0.0026231263383297647
"17692";0.23098995695839264;0.014423076923076924;0.0026231263383297647
"17974";0.3572453371592541;0.009615384615384616;0.0026231263383297647
"18032";0.14347202295552375;0.0;0.00024268379728765166
"12976";0.0071736011477758765;0.0;0.0026159885795860103
"15045";0.047345767575322384;0.004807692307692308;0.0026052819414703783
"15215";0.35150645624103305;0.009615384615384616;0.002601713062098501
"16362";0.043041606886657036;0.019230769230769232;0.002601713062098501
"18156";0.8278335724533719;0.004807692307692308;0.002601713062098501
"16146";0.31133428981348654;0.009615384615384616;0.002598144182726624
"17812";0.47776183644189363;0.014423076923076924;0.0025910064239828695
"13575";0.0;0.019230769230769232;0.0025910064239828695
"13736";0.3472022955523668;0.004807692307692308;0.0025910064239828695
"14778";0.35294117647058787;0.004807692307692308;0.0025874375446109923
"12468";0.31276901004304136;0.004807692307692308;0.002583868665239115
"18035";0.3486370157819225;0.009615384615384616;0.002583868665239115
"17906";0.27116212338593915;0.0;0.00023911491791577446
"16171";0.043041606886657036;0.0;0.00023911491791577446
"13077";0.17216642754662814;0.014423076923076924;0.002580299785867238
"17666";0.2596843615494979;0.004807692307692308;0.0025767309064953607
"14869";0.4763271162123388;0.004807692307692308;0.0025695931477516063
"17888";0.043041606886657036;0.03365384615384616;0.0025695931477516063
"16140";0.3070301291248203;0.004807692307692308;0.002566024268379729
"12723";0.2596843615494979;0.019230769230769232;0.002566024268379729
"15636";0.044476327116211856;0.004807692307692308;0.002566024268379729
"17521";0.08608321377331407;0.009615384615384616;0.0025588865096359747
"18062";0.2754662840746054;0.009615384615384616;0.00255174875089222
"13686";0.09325681492108995;0.0;0.0002355460385438972
"13938";0.3486370157819225;0.0;0.0002355460385438972
"15274";0.3041606886657098;0.004807692307692308;0.002537473233404711
"17884";0.2596843615494979;0.014423076923076924;0.002537473233404711
"15400";0.1764705882352935;0.019230769230769232;0.002533904354032834
"12535";0.13199426111908164;0.004807692307692308;0.002533904354032834
"15330";0.08751793400286889;0.004807692307692308;0.0025303354746609567
"15757";0.2697274031563843;0.004807692307692308;0.0025267665952890795
"13147";0.1291248206599711;0.014423076923076924;0.0025231977159172023
"17761";0.2180774748923957;0.0;0.0025231977159172023
"12616";0.308464849354376;0.004807692307692308;0.0025231977159172023
"13169";0.21951219512195141;0.004807692307692308;0.0025231977159172023
"13587";0.21951219512195141;0.0;0.002519628836545325
"13705";0.43185078909612606;0.009615384615384616;0.002519628836545325
"17642";0.0028694404591105283;0.004807692307692308;0.002519628836545325
"15855";0.13629842180774698;0.019230769230769232;0.002519628836545325
"13249";0.1764705882352935;0.009615384615384616;0.002516059957173448
"17472";0.4849354375896695;0.009615384615384616;0.0025124910778015707
"14127";0.13342898134863646;0.009615384615384616;0.0025124910778015707
"14867";0.22525107604017158;0.009615384615384616;0.0025124910778015707
"17022";0.17360114777618385;0.0;0.00023197715917201996
"16136";0.043041606886657036;0.009615384615384616;0.0025089221984296935
"16449";0.36011477761836463;0.004807692307692308;0.002505353319057816
"15951";0.4763271162123388;0.004807692307692308;0.002505353319057816
"14880";0.22525107604017158;0.009615384615384616;0.0024982155603140615
"14126";0.43185078909612606;0.009615384615384616;0.0024982155603140615
"16882";0.35007173601147734;0.009615384615384616;0.0024946466809421843
"16015";0.2596843615494979;0.009615384615384616;0.0024946466809421843
"15038";0.0;0.02403846153846154;0.0024946466809421843
"17934";0.0;0.004807692307692308;0.002491077801570307
"15103";0.17360114777618385;0.004807692307692308;0.00248750892219843
"12883";0.044476327116211856;0.014423076923076924;0.00248750892219843
"16997";0.4060258249641322;0.009615384615384616;0.0024839400428265527
"15574";0.9555236728837873;0.014423076923076924;0.0024839400428265527
"17321";0.3945480631276901;0.004807692307692308;0.0024803711634546755
"18037";0.17934002869440402;0.02403846153846154;0.00022840827980014276
"12428";0.045911047345767564;0.038461538461538464;0.028372591006423982
"15290";0.17360114777618385;0.08173076923076923;0.02832619557458958
"14849";0.0028694404591105283;0.11538461538461539;0.02828336902212705
"12757";0.0071736011477758765;0.057692307692307696;0.028019271948608135
"17811";0.00143472022955482;0.18269230769230768;0.027951463240542467
"13093";0.14060258249641322;0.03365384615384616;0.027930049964311206
"13629";0.1291248206599711;0.04807692307692309;0.027787294789436114
"15044";0.008608321377331585;0.07692307692307693;0.027458957887223412
"15194";0.17360114777618385;0.06730769230769232;0.0271627408993576
"18172";0.0071736011477758765;0.09134615384615385;0.026966452533904353
"13263";0.0071736011477758765;0.16346153846153846;0.026581013561741612
"12474";0.004304160688665348;0.08173076923076923;0.02630264097073519
"12980";0.012912482065996933;0.038461538461538464;0.02629907209136331
"15465";0.0057388809182210565;0.08173076923076923;0.026227694503925765
"17396";0.3945480631276901;0.03365384615384616;0.026142041399000712
"12583";0.0;0.06730769230769232;0.02596359743040685
"13018";0.1291248206599711;0.12980769230769232;0.025952890792291218
"18229";0.0;0.09134615384615385;0.02594932191291934
"16923";0.09182209469153513;0.08653846153846155;0.025845824411134904
"16729";0.008608321377331585;0.09615384615384616;0.025817273376159886
"16745";0.0028694404591105283;0.07692307692307693;0.025653104925053533
"16873";0.13055954088952593;0.02403846153846154;0.025403283369022124
"13324";0.044476327116211856;0.04326923076923077;0.02539614561027837
"13985";0.0;0.06730769230769232;0.025174875089221983
"14961";0.13199426111908164;0.038461538461538464;0.025121341898643824
"16454";0.26255380200860845;0.004807692307692308;3.56887937187723e-06
"15800";0.2281205164992821;0.004807692307692308;0.002473233404710921
"14829";0.08608321377331407;0.014423076923076924;0.002469664525339044
"15053";0.2668579626972738;0.009615384615384616;0.002469664525339044
"17796";0.14347202295552375;0.014423076923076924;0.002469664525339044
"17423";0.2697274031563843;0.004807692307692308;0.002469664525339044
"13596";0.3472022955523668;0.004807692307692308;0.0024660956459671667
"14959";0.18220946915351455;0.014423076923076924;0.0024589578872234123
"15304";0.08751793400286889;0.03365384615384616;0.0024553890078515346
"12925";0.3041606886657098;0.004807692307692308;0.0024553890078515346
"14111";0.008608321377331585;0.014423076923076924;0.0024518201284796574
"13601";0.0071736011477758765;0.004807692307692308;0.0024518201284796574
"12410";0.36154949784791945;0.004807692307692308;0.0024518201284796574
"13838";0.3472022955523668;0.014423076923076924;0.0024482512491077802
"17198";0.6513629842180775;0.009615384615384616;0.0024482512491077802
"17733";0.47776183644189363;0.004807692307692308;0.0024482512491077802
"13023";0.26255380200860845;0.004807692307692308;0.002441113490364026
"16212";0.48923959827833574;0.004807692307692308;0.002441113490364026
"18085";1.0;0.004807692307692308;0.002441113490364026
"17502";0.08608321377331407;0.014423076923076924;0.0024375446109921486
"15181";0.35007173601147734;0.009615384615384616;0.0024375446109921486
"18196";0.308464849354376;0.004807692307692308;0.0024375446109921486
"16642";0.3041606886657098;0.004807692307692308;0.0024339757316202714
"16122";0.05595408895265397;0.014423076923076924;0.0024197002141327626
"12942";0.6513629842180775;0.009615384615384616;0.0024197002141327626
"16495";0.18507890961262508;0.009615384615384616;0.0024197002141327626
"12838";0.26111908177905274;0.004807692307692308;0.0024161313347608854
"15582";0.40172166427546596;0.009615384615384616;0.0024161313347608854
"17874";0.22525107604017158;0.02403846153846154;0.0024161313347608854
"18135";0.08608321377331407;0.019230769230769232;0.0024125624553890082
"13548";0.09612625538020048;0.004807692307692308;0.0024125624553890082
"12478";0.2596843615494979;0.0;0.002408993576017131
"13524";0.3572453371592541;0.019230769230769232;0.0024054246966452534
"16872";0.18077474892395973;0.009615384615384616;0.0024054246966452534
"14393";0.31420373027259707;0.0;0.0002212705210563883
"14788";0.43185078909612606;0.004807692307692308;0.002401855817273376
"13925";0.09038737446197942;0.014423076923076924;0.002398286937901499
"17994";0.05308464849354344;0.014423076923076924;0.002398286937901499
"13040";0.26111908177905274;0.004807692307692308;0.002394718058529622
"17462";0.08751793400286889;0.004807692307692308;0.0023911491791577446
"13355";0.13342898134863646;0.0;0.0023875802997858674
"16418";0.1764705882352935;0.009615384615384616;0.0023875802997858674
"13464";0.0;0.0;0.0023875802997858674
"14504";0.09612625538020048;0.014423076923076924;0.002380442541042113
"18121";0.17934002869440402;0.004807692307692308;0.002380442541042113
"17883";0.2281205164992821;0.014423076923076924;0.002376873661670236
"14628";0.05164992826398862;0.004807692307692308;0.002376873661670236
"12638";0.26111908177905274;0.0;0.002376873661670236
"17299";0.044476327116211856;0.014423076923076924;0.002366167023554604
"14342";0.17360114777618385;0.014423076923076924;0.002366167023554604
"15031";0.1291248206599711;0.014423076923076924;0.002362598144182727
"13741";0.13629842180774698;0.009615384615384616;0.002362598144182727
"18022";0.3486370157819225;0.0;0.002362598144182727
"17105";0.2740315638450497;0.004807692307692308;0.002355460385438972
"15969";0.2166427546628409;0.009615384615384616;0.002355460385438972
"13963";0.36154949784791945;0.014423076923076924;0.002351891506067095
"13240";0.35150645624103305;0.014423076923076924;0.0023483226266952178
"14720";0.044476327116211856;0.009615384615384616;0.0023483226266952178
"15643";0.444763271162123;0.009615384615384616;0.0023483226266952178
"14451";0.08751793400286889;0.004807692307692308;0.0023447537473233406
"16014";0.09182209469153513;0.009615384615384616;0.0023411848679514634
"16774";0.3945480631276901;0.014423076923076924;0.0023411848679514634
"18218";0.0071736011477758765;0.004807692307692308;0.0023411848679514634
"14603";0.09756097560975618;0.0;0.002334047109207709
"16684";0.3041606886657098;0.12980769230769232;0.23785867237687366
"14150";0.3486370157819225;0.004807692307692308;0.0023304782298358318
"16357";0.09469153515064566;0.009615384615384616;0.0023304782298358318
"13759";0.26111908177905274;0.004807692307692308;0.0023304782298358318
"15492";0.04160688665710133;0.004807692307692308;0.0023304782298358318
"12577";0.3486370157819225;0.009615384615384616;0.0023269093504639546
"16696";0.09469153515064566;0.014423076923076924;0.0023269093504639546
"13049";0.26255380200860845;0.004807692307692308;0.0023233404710920774
"17459";0.08751793400286889;0.004807692307692308;0.0023233404710920774
"16444";0.308464849354376;0.014423076923076924;0.002316202712348323
"14651";0.0071736011477758765;0.004807692307692308;0.002316202712348323
"14548";0.004304160688665348;0.004807692307692308;0.0023090649536045686
"14044";0.4060258249641322;0.014423076923076924;0.0023090649536045686
"15205";0.35294117647058787;0.004807692307692308;0.0023090649536045686
"14034";0.31133428981348654;0.009615384615384616;0.002305496074232691
"16969";0.4849354375896695;0.009615384615384616;0.0022983583154889365
"16469";0.2281205164992821;0.014423076923076924;0.0022983583154889365
"15571";0.26111908177905274;0.014423076923076924;0.0022983583154889365
"14096";0.08608321377331407;0.07692307692307693;0.23254461099214846
"13694";0.09469153515064566;0.23557692307692307;0.23209850107066382
"17382";0.3070301291248203;0.0;0.0002105638829407566
"12589";0.04160688665710133;0.004807692307692308;0.002287651677373305
"14855";0.0028694404591105283;0.004807692307692308;0.0022840827980014277
"15651";0.3931133428981344;0.009615384615384616;0.0022840827980014277
"12719";0.3070301291248203;0.004807692307692308;0.0022805139186295505
"17312";0.22381635581061676;0.009615384615384616;0.0022769450392576733
"16431";0.09469153515064566;0.009615384615384616;0.002273376159885796
"14020";0.00143472022955482;0.004807692307692308;0.002273376159885796
"13034";0.8278335724533719;0.004807692307692308;0.002273376159885796
"17046";0.31133428981348654;0.0;0.002269807280513919
"15297";0.08608321377331407;0.009615384615384616;0.002269807280513919
"13318";0.17216642754662814;0.009615384615384616;0.0022662384011420417
"13417";0.3041606886657098;0.004807692307692308;0.0022662384011420417
"15919";0.7833572453371591;0.004807692307692308;0.0022626695217701645
"13302";0.22381635581061676;0.0;0.00020699500356887937
"13130";0.26398852223816327;0.0;0.00020699500356887937
"17515";0.17360114777618385;0.014423076923076924;0.0022591006423982873
"14664";0.26111908177905274;0.004807692307692308;0.0022555317630264097
"14128";0.08751793400286889;0.004807692307692308;0.0022555317630264097
"15829";0.48063127690100416;0.004807692307692308;0.0022483940042826553
"15773";0.3472022955523668;0.0;0.0022483940042826553
"14000";0.0071736011477758765;0.0;0.0022483940042826553
"13892";0.2281205164992821;0.014423076923076924;0.0022376873661670237
"14220";0.27116212338593915;0.004807692307692308;0.0022341184867951465
"14021";0.0071736011477758765;0.009615384615384616;0.0022341184867951465
"15244";0.3070301291248203;0.004807692307692308;0.0022341184867951465
"16306";0.05451936872309915;0.02403846153846154;0.0022341184867951465
"13822";0.3472022955523668;0.004807692307692308;0.0022341184867951465
"18183";0.09756097560975618;0.004807692307692308;0.0022341184867951465
"13539";0.4060258249641322;0.009615384615384616;0.0022305496074232693
"13218";0.35294117647058787;0.0;0.00020342612419700214
"14437";0.6513629842180775;0.0;0.00020342612419700214
"13525";0.3156384505021519;0.004807692307692308;0.002223411848679515
"13046";0.1291248206599711;0.004807692307692308;0.002223411848679515
"15028";0.4763271162123388;0.014423076923076924;0.0022162740899357605
"13914";0.3931133428981344;0.004807692307692308;0.0022127052105638833
"16718";0.8278335724533719;0.0;0.0022055674518201285
"16750";0.09038737446197942;0.019230769230769232;0.0022055674518201285
"12649";0.05021520803443291;0.009615384615384616;0.0022055674518201285
"15182";0.17934002869440402;0.004807692307692308;0.0022019985724482513
"13368";0.2754662840746054;0.004807692307692308;0.0022019985724482513
"15258";0.2697274031563843;0.004807692307692308;0.0022019985724482513
"16915";0.3156384505021519;0.02403846153846154;0.002198429693076374
"17460";0.26398852223816327;0.02403846153846154;0.002198429693076374
"18217";0.08608321377331407;0.004807692307692308;0.002198429693076374
"13402";0.35294117647058787;0.004807692307692308;0.002194860813704497
"12667";0.0;0.0;0.0021912919343326197
"16141";0.00143472022955482;0.0;0.0021912919343326197
"14529";0.08751793400286889;0.009615384615384616;0.0021912919343326197
"13493";0.14060258249641322;0.004807692307692308;0.0021877230549607425
"13145";0.13199426111908164;0.014423076923076924;0.0021877230549607425
"12596";0.05164992826398862;0.004807692307692308;0.0021841541755888653
"13301";0.3543758967001436;0.014423076923076924;0.0021841541755888653
"16442";0.17216642754662814;0.009615384615384616;0.002180585296216988
"14377";0.4849354375896695;0.004807692307692308;0.002180585296216988
"14905";0.31133428981348654;0.004807692307692308;0.002177016416845111
"16005";0.09325681492108995;0.014423076923076924;0.0021734475374732337
"15275";0.4332855093256809;0.0;0.0021734475374732337
"16116";0.0071736011477758765;0.0;0.0021663097787294793
"16109";0.31420373027259707;0.004807692307692308;0.002162740899357602
"18149";0.05308464849354344;0.009615384615384616;0.002162740899357602
"12673";0.3472022955523668;0.004807692307692308;0.002159172019985725
"13731";0.2281205164992821;0.004807692307692308;0.002159172019985725
"14636";0.3931133428981344;0.004807692307692308;0.0021556031406138472
"12933";0.48923959827833574;0.009615384615384616;0.002148465381870093
"15573";0.17360114777618385;0.004807692307692308;0.0021448965024982156
"17119";0.043041606886657036;0.004807692307692308;0.0021448965024982156
"14133";0.4375896700143471;0.009615384615384616;0.0021413276231263384
"17849";0.10043041606886671;0.014423076923076924;0.0021413276231263384
"17507";0.4060258249641322;0.004807692307692308;0.0021413276231263384
"14710";0.043041606886657036;0.014423076923076924;0.0021413276231263384
"13888";0.0028694404591105283;0.004807692307692308;0.0021413276231263384
"13558";0.13055954088952593;0.014423076923076924;0.0021377587437544612
"12944";0.3486370157819225;0.004807692307692308;0.0021377587437544612
"17664";0.05021520803443291;0.004807692307692308;0.0021377587437544612
"13233";0.23242467718794835;0.004807692307692308;0.0021377587437544612
"16732";0.17360114777618385;0.0;0.002134189864382584
"12556";0.047345767575322384;0.004807692307692308;0.002134189864382584
"17259";0.7833572453371591;0.004807692307692308;0.002130620985010707
"12654";0.4332855093256809;0.019230769230769232;0.0021270521056388297
"16654";0.31276901004304136;0.014423076923076924;0.0021234832262669525
"12872";0.6513629842180775;0.004807692307692308;0.0021199143468950753
"12420";0.21951219512195141;0.0;0.0021199143468950753
"18211";0.27259684361549485;0.019230769230769232;0.0021199143468950753
"15311";0.0;0.4326923076923077;0.2168522483940043
"17174";0.2697274031563843;0.0;0.00019271948608137044
"13682";0.31276901004304136;0.0;0.00019271948608137044
"12766";0.14347202295552375;0.02884615384615385;0.024925053533190578
"12989";0.00143472022955482;0.06730769230769232;0.02468950749464668
"16713";0.008608321377331585;0.06730769230769232;0.0246859386152748
"13027";0.22381635581061676;0.02403846153846154;0.024646680942184154
"16187";0.17360114777618385;0.06730769230769232;0.024643112062812274
"17416";0.08608321377331407;0.02884615384615385;0.024578872234118487
"12705";0.18364418938307026;0.038461538461538464;0.024489650249821554
"12476";0.31420373027259707;0.04807692307692309;0.02430406852248394
"12830";0.13199426111908164;0.02403846153846154;0.02430049964311206
"15023";0.18507890961262508;0.04807692307692309;0.024257673090649533
"18055";0.3974175035868006;0.04326923076923077;0.024189864382583866
"15601";0.044476327116211856;0.06250000000000001;0.024164882226980728
"16652";0.0;0.02884615384615385;0.024154175588865096
"16532";0.31994261119081724;0.009615384615384616;0.024064953604568163
"13576";0.08608321377331407;0.08173076923076923;0.023950749464668093
"16746";0.0028694404591105283;0.08173076923076923;0.023882940756602425
"15249";0.0028694404591105283;0.057692307692307696;0.023847251962883655
"16353";0.012912482065996933;0.10576923076923078;0.023804425410421125
"17338";0.012912482065996933;0.03365384615384616;0.023690221270521054
"12626";0.26255380200860845;0.038461538461538464;0.023604568165596
"16182";0.482065997130559;0.014423076923076924;0.023597430406852245
"15144";0.0;0.07692307692307693;0.023461812990720914
"12472";0.2180774748923957;0.02884615384615385;0.023433261955745896
"16814";0.008608321377331585;0.09615384615384616;0.023208422555317628
"12431";0.0028694404591105283;0.06730769230769232;0.02312990720913633
"18223";0.27259684361549485;0.06250000000000001;0.023122769450392575
"15694";0.08608321377331407;0.06250000000000001;0.02310135617416131
"13225";0.08751793400286889;0.02884615384615385;0.023047822983583155
"13102";0.05595408895265397;0.11057692307692309;0.022905067808708063
"13871";0.09756097560975618;0.057692307692307696;0.022830121341898643
"12359";0.012912482065996933;0.014423076923076924;0.022723054960742325
"13668";0.05164992826398862;0.09615384615384616;0.02269093504639543
"13709";0.2596843615494979;0.057692307692307696;0.02256245538900785
"15005";0.14347202295552375;0.12980769230769232;0.022523197715917202
"17315";0.0071736011477758765;0.1778846153846154;0.02243397573162027
"16126";0.08608321377331407;0.014423076923076924;0.02241970021413276
"14057";0.044476327116211856;0.07692307692307693;0.022169878658101355
"12357";0.26111908177905274;0.0;0.02213418986438258
"14060";0.10043041606886671;0.08653846153846155;0.021891506067094932
"13418";0.05021520803443291;0.08173076923076923;0.021845110635260526
"17509";0.08751793400286889;0.03365384615384616;0.021802284082798
"15939";0.0057388809182210565;0.06730769230769232;0.021802284082798
"14735";0.2596843615494979;0.14903846153846154;0.021627408993576017
"12637";0.13199426111908164;0.03365384615384616;0.021470378301213417
"13097";0.13342898134863646;0.04326923076923077;0.02142755174875089
"14792";0.21951219512195141;0.0;0.0
"13311";0.004304160688665348;0.004807692307692308;0.002116345467523198
"14965";0.35150645624103305;0.004807692307692308;0.002116345467523198
"17420";1.0;0.009615384615384616;0.002116345467523198
"13959";0.4045911047345765;0.009615384615384616;0.002112776588151321
"14108";0.1291248206599711;0.004807692307692308;0.002112776588151321
"16298";0.2682926829268286;0.009615384615384616;0.002112776588151321
"17864";0.044476327116211856;0.009615384615384616;0.002112776588151321
"16788";0.1779053084648492;0.004807692307692308;0.0021092077087794437
"15381";0.09469153515064566;0.004807692307692308;0.0021092077087794437
"14645";0.14060258249641322;0.004807692307692308;0.0021092077087794437
"14284";0.1291248206599711;0.004807692307692308;0.002102069950035689
"17658";0.0071736011477758765;0.004807692307692308;0.002102069950035689
"15442";0.3156384505021519;0.0;0.0020985010706638116
"12917";0.3974175035868006;0.0;0.0020985010706638116
"16325";0.18364418938307026;0.009615384615384616;0.0020985010706638116
"16535";0.3472022955523668;0.0;0.0020985010706638116
"16203";0.0;0.014423076923076924;0.0020949321912919344
"18232";0.31133428981348654;0.014423076923076924;0.0020949321912919344
"13276";0.21951219512195141;0.004807692307692308;0.00208779443254818
"14882";0.26111908177905274;0.004807692307692308;0.002084225553176303
"13270";0.6958393113342893;0.0;0.002084225553176303
"16723";0.13199426111908164;0.004807692307692308;0.0020806566738044256
"18123";0.17360114777618385;0.004807692307692308;0.0020806566738044256
"14338";0.4835007173601147;0.004807692307692308;0.0020770877944325484
"17351";0.05308464849354344;0.009615384615384616;0.0020735189150606712
"17360";0.18077474892395973;0.009615384615384616;0.002069950035688794
"17014";0.2180774748923957;0.009615384615384616;0.002069950035688794
"12384";0.04160688665710133;0.004807692307692308;0.002066381156316917
"16384";0.044476327116211856;0.004807692307692308;0.002066381156316917
"13557";0.04160688665710133;0.004807692307692308;0.0020628122769450396
"14023";0.40315638450502167;0.004807692307692308;0.0020628122769450396
"15762";0.3070301291248203;0.004807692307692308;0.0020628122769450396
"13427";0.045911047345767564;0.009615384615384616;0.0020592433975731624
"17970";0.0071736011477758765;0.0;0.0020592433975731624
"12695";0.35007173601147734;0.014423076923076924;0.002055674518201285
"16906";0.2682926829268286;0.014423076923076924;0.0020485367594575304
"18095";0.05595408895265397;0.004807692307692308;0.0020485367594575304
"13089";0.008608321377331585;0.46153846153846156;0.2099214846538187
"17949";0.004304160688665348;0.21153846153846154;0.20879371877230551
"13292";0.47776183644189363;0.004807692307692308;0.002044967880085653
"14176";0.7403156384505021;0.014423076923076924;0.002037830121341899
"12601";0.05595408895265397;0.019230769230769232;0.002037830121341899
"16916";0.9555236728837873;0.004807692307692308;0.0020342612419700216
"15550";0.05451936872309915;0.014423076923076924;0.0020342612419700216
"15830";0.4332855093256809;0.0;0.0020342612419700216
"13487";0.09469153515064566;0.009615384615384616;0.0020306923625981444
"14167";0.012912482065996933;0.014423076923076924;0.0020306923625981444
"15339";0.35007173601147734;0.004807692307692308;0.002027123483226267
"12879";0.13199426111908164;0.009615384615384616;0.00202355460385439
"13379";0.4347202295552366;0.009615384615384616;0.00202355460385439
"12816";0.308464849354376;0.004807692307692308;0.002019985724482513
"13816";0.26255380200860845;0.004807692307692308;0.002019985724482513
"15821";0.13055954088952593;0.004807692307692308;0.0020164168451106356
"17616";0.7403156384505021;0.009615384615384616;0.0020164168451106356
"15315";0.26255380200860845;0.004807692307692308;0.0020164168451106356
"16667";0.4347202295552366;0.004807692307692308;0.0020128479657387584
"14592";0.26255380200860845;0.009615384615384616;0.0020128479657387584
"13939";0.49067431850789056;0.009615384615384616;0.002009279086366881
"17897";0.7403156384505021;0.009615384615384616;0.0020021413276231264
"18150";0.2180774748923957;0.009615384615384616;0.0020021413276231264
"13894";0.4461979913916787;0.009615384615384616;0.001995003568879372
"15344";0.1276901004304154;0.009615384615384616;0.0019914346895074948
"16933";0.17216642754662814;0.004807692307692308;0.0019878658101356176
"17265";0.0057388809182210565;0.004807692307692308;0.0019878658101356176
"12559";0.4461979913916787;0.004807692307692308;0.0019842969307637404
"12414";0.2697274031563843;0.009615384615384616;0.0019842969307637404
"15655";0.09612625538020048;0.0;0.001980728051391863
"14273";0.05164992826398862;0.014423076923076924;0.001977159172019986
"18043";0.6958393113342893;0.009615384615384616;0.001977159172019986
"15769";0.1291248206599711;0.1201923076923077;0.2007387580299786
"15899";0.7833572453371591;0.0;0.00017844396859386153
"17503";0.2166427546628409;0.004807692307692308;0.0019735902926481088
"14177";0.308464849354376;0.014423076923076924;0.0019735902926481088
"12866";0.48923959827833574;0.0;0.0019735902926481088
"13800";0.4060258249641322;0.0;0.0019700214132762316
"13260";0.13055954088952593;0.0;0.0019700214132762316
"17295";0.04160688665710133;0.009615384615384616;0.0019664525339043544
"17955";0.31420373027259707;0.014423076923076924;0.0019664525339043544
"16385";0.08751793400286889;0.009615384615384616;0.001962883654532477
"14891";0.31276901004304136;0.004807692307692308;0.0019557458957887223
"14618";0.2754662840746054;0.009615384615384616;0.001952177016416845
"12363";0.05164992826398862;0.004807692307692308;0.0019486081370449677
"17291";0.36154949784791945;0.0;0.0019450392576730905
"17674";0.7833572453371591;0.004807692307692308;0.0019450392576730905
"17235";0.9555236728837873;0.004807692307692308;0.0019414703783012133
"16031";0.1764705882352935;0.004807692307692308;0.0019379014989293361
"16211";0.00143472022955482;0.0;0.0019307637401855817
"16811";0.3041606886657098;0.004807692307692308;0.0019307637401855817
"17637";0.17360114777618385;0.004807692307692308;0.0019307637401855817
"14997";0.00143472022955482;0.009615384615384616;0.0019271948608137045
"12793";0.14347202295552375;0.004807692307692308;0.0019236259814418273
"13617";0.0057388809182210565;0.009615384615384616;0.0019200571020699501
"16475";0.00143472022955482;0.014423076923076924;0.0019200571020699501
"16927";0.18507890961262508;0.009615384615384616;0.0019164882226980727
"16230";0.40028694404591114;0.004807692307692308;0.0019129193433261955
"15061";0.0071736011477758765;0.22596153846153846;0.19460385438972164
"13812";0.26255380200860845;0.009615384615384616;0.001902212705210564
"14496";0.49067431850789056;0.004807692307692308;0.001902212705210564
"15452";0.08608321377331407;0.009615384615384616;0.001902212705210564
"15469";0.045911047345767564;0.004807692307692308;0.001902212705210564
"17062";0.6513629842180775;0.014423076923076924;0.0018986438258386867
"15539";0.43185078909612606;0.0;0.0018986438258386867
"17345";0.22094691535150623;0.014423076923076924;0.0018986438258386867
"16233";0.6958393113342893;0.009615384615384616;0.0018950749464668095
"15043";0.17360114777618385;0.0;0.0018950749464668095
"16206";0.22238163558106105;0.014423076923076924;0.0018950749464668095
"13000";0.6083213773314204;0.009615384615384616;0.0018879371877230549
"16142";0.3586800573888089;0.0;0.0018879371877230549
"17443";0.3572453371592541;0.0;0.0018843683083511777
"13434";0.35150645624103305;0.004807692307692308;0.0018843683083511777
"13217";0.13342898134863646;0.009615384615384616;0.0018843683083511777
"15756";0.09182209469153513;0.014423076923076924;0.0018807994289793005
"15433";0.09469153515064566;0.004807692307692308;0.0018807994289793005
"16706";0.4332855093256809;0.009615384615384616;0.001873661670235546
"14463";0.4361549497847914;0.009615384615384616;0.0018700927908636689
"14002";0.2668579626972738;0.004807692307692308;0.0018700927908636689
"18159";0.05451936872309915;0.0;0.0018700927908636689
"17631";0.17216642754662814;0.009615384615384616;0.0018629550321199143
"16602";0.3931133428981344;0.0;0.0018629550321199143
"17623";0.2180774748923957;0.0;0.001859386152748037
"16892";0.08608321377331407;0.019230769230769232;0.0018558172733761599
"17290";0.2596843615494979;0.004807692307692308;0.0018522483940042827
"15467";0.09182209469153513;0.009615384615384616;0.0018522483940042827
"17429";0.22525107604017158;0.009615384615384616;0.0018522483940042827
"13721";0.3931133428981344;0.0;0.0018486795146324055
"18017";0.4461979913916787;0.009615384615384616;0.0018451106352605283
"14871";0.2596843615494979;0.014423076923076924;0.0018415417558886509
"12571";0.09038737446197942;0.004807692307692308;0.0018344039971448965
"14682";0.31276901004304136;0.004807692307692308;0.0001641684511063526
"14865";0.43185078909612606;0.004807692307692308;0.0001641684511063526
"16955";0.18077474892395973;0.014423076923076924;0.0018308351177730193
"13643";0.17360114777618385;0.009615384615384616;0.0018308351177730193
"18205";0.3931133428981344;0.004807692307692308;0.0018236973590292649
"15809";0.098995695839311;0.019230769230769232;0.0018201284796573877
"15882";0.7833572453371591;0.014423076923076924;0.0018201284796573877
"13043";0.05308464849354344;0.0;0.0018201284796573877
"13005";0.2281205164992821;0.004807692307692308;0.001812990720913633
"16561";0.043041606886657036;0.004807692307692308;0.0018022840827980014
"15406";0.05451936872309915;0.004807692307692308;0.0018022840827980014
"14298";0.1291248206599711;0.20673076923076925;0.1838722341184868
"13011";0.9555236728837873;0.0;0.00016059957173447537
"14317";0.26255380200860845;0.0;0.001795146324054247
"12436";0.48063127690100416;0.0;0.001795146324054247
"16898";0.7833572453371591;0.009615384615384616;0.001795146324054247
"13885";0.40028694404591114;0.004807692307692308;0.0017880085653104924
"14820";0.26111908177905274;0.014423076923076924;0.0017880085653104924
"16960";0.08751793400286889;0.009615384615384616;0.0017880085653104924
"16614";0.09325681492108995;0.0;0.0017844396859386152
"15081";0.3070301291248203;0.019230769230769232;0.001780870806566738
"16863";0.17360114777618385;0.004807692307692308;0.0017737330478229836
"13865";0.0;0.014423076923076924;0.0017701641684511064
"15881";0.6083213773314204;0.019230769230769232;0.001766595289079229
"16616";0.31133428981348654;0.004807692307692308;0.0017630264097073518
"14958";0.18364418938307026;0.009615384615384616;0.0017630264097073518
"14088";0.3974175035868006;0.057692307692307696;0.18017844396859387
"13316";0.4332855093256809;0.014423076923076924;0.02131334760885082
"15382";0.18077474892395973;0.02403846153846154;0.02123483226266952
"14505";0.09469153515064566;0.03365384615384616;0.02105638829407566
"14415";0.09325681492108995;0.057692307692307696;0.021034975017844397
"14944";0.08608321377331407;0.05288461538461539;0.021034975017844397
"13209";0.1291248206599711;0.03365384615384616;0.02100642398286938
"13534";0.18651362984218078;0.11538461538461539;0.02092790863668808
"13050";0.09038737446197942;0.07692307692307693;0.02081013561741613
"12720";0.004304160688665348;0.11538461538461539;0.020613847251962882
"15218";0.2697274031563843;0.04807692307692309;0.020524625267665953
"17686";0.045911047345767564;0.02884615384615385;0.020460385438972162
"13178";0.1377331420373027;0.04807692307692309;0.02041042112776588
"16553";0.09756097560975618;0.05288461538461539;0.020392576730906494
"13468";0.0;0.17307692307692307;0.020339043540328335
"14110";0.00143472022955482;0.05288461538461539;0.020260528194147035
"14049";0.3543758967001436;0.014423076923076924;0.02025695931477516
"17049";0.1377331420373027;0.038461538461538464;0.02017844396859386
"13004";0.10043041606886671;0.08173076923076923;0.02016416845110635
"17716";0.08608321377331407;0.04807692307692309;0.02016416845110635
"18118";0.04160688665710133;0.1201923076923077;0.020157030692362597
"14688";0.004304160688665348;0.09615384615384616;0.02007494646680942
"17757";0.09182209469153513;0.13942307692307693;0.019982155603140612
"12481";0.23242467718794835;0.04326923076923077;0.019950035688793718
"12839";0.13629842180774698;0.06250000000000001;0.019932191291934333
"16767";0.09325681492108995;0.04807692307692309;0.01989650249821556
"16161";0.043041606886657036;0.08653846153846155;0.019878658101356174
"12539";0.10043041606886671;0.014423076923076924;0.019850107066381156
"15805";0.17360114777618385;0.07692307692307693;0.019707351891506065
"18225";0.23098995695839264;0.05288461538461539;0.019639543183440397
"16609";0.004304160688665348;0.02884615384615385;0.019582441113490362
"16985";0.00143472022955482;0.04326923076923077;0.019478943611705924
"16265";0.18651362984218078;0.038461538461538464;0.01941827266238401
"18198";0.17360114777618385;0.07692307692307693;0.01934332619557459
"12490";0.1377331420373027;0.04326923076923077;0.01931477516059957
"17809";0.05451936872309915;0.05288461538461539;0.019293361884368306
"16701";0.012912482065996933;0.057692307692307696;0.019243397573162027
"17719";0.00143472022955482;0.06730769230769232;0.01923625981441827
"17850";0.9555236728837873;0.15865384615384615;0.019218415417558886
"16303";0.10043041606886671;0.009615384615384616;0.019111349036402568
"13269";0.00143472022955482;0.06730769230769232;0.01905781584582441
"15150";0.2180774748923957;0.04326923076923077;0.01894361170592434
"17730";0.04160688665710133;0.057692307692307696;0.018886509635974304
"17061";0.31420373027259707;0.04807692307692309;0.018650963597430407
"18226";0.045911047345767564;0.04807692307692309;0.018636688079942898
"12362";0.043041606886657036;0.04326923076923077;0.018629550321199142
"15046";0.098995695839311;0.06730769230769232;0.018586723768736615
"16258";0.35294117647058787;0.019230769230769232;0.018551034975017842
"13756";0.08751793400286889;0.06250000000000001;0.018501070663811563
"16191";0.05451936872309915;0.057692307692307696;0.018468950749464665
"15727";0.012912482065996933;0.02884615384615385;0.018461812990720913
"17858";0.0028694404591105283;0.05288461538461539;0.018379728765167736
"13599";0.008608321377331585;0.09615384615384616;0.01837259100642398
"15903";0.04160688665710133;0.02884615384615385;0.018276231263383295
"13941";0.044476327116211856;0.019230769230769232;0.018226266952177016
"17602";0.2166427546628409;0.02403846153846154;0.018190578158458242
"16700";0.004304160688665348;0.057692307692307696;0.018097787294789433
"14562";0.08608321377331407;0.08173076923076923;0.01809064953604568
"15301";0.31276901004304136;0.05288461538461539;0.018072805139186295
"13139";0.18220946915351455;0.02884615384615385;0.018054960742326907
"15719";0.2180774748923957;0.057692307692307696;0.01798715203426124
"17426";0.13199426111908164;0.02403846153846154;0.017955032119914345
"14329";0.05308464849354344;0.02884615384615385;0.017876516773733045
"14755";0.14347202295552375;0.04807692307692309;0.01785867237687366
"12444";0.0;0.019230769230769232;0.017840827980014275
"15193";0.08751793400286889;0.0;0.0017594575303354746
"14681";0.0071736011477758765;0.009615384615384616;0.0017594575303354746
"16488";0.26111908177905274;0.009615384615384616;0.0017594575303354746
"14077";0.09325681492108995;0.019230769230769232;0.0017594575303354746
"17495";0.43185078909612606;0.004807692307692308;0.0017558886509635974
"17053";0.482065997130559;0.0;0.0017558886509635974
"16820";0.308464849354376;0.0;0.0017558886509635974
"17298";0.22238163558106105;0.004807692307692308;0.0017558886509635974
"16368";0.04160688665710133;0.004807692307692308;0.0017523197715917202
"15300";0.26255380200860845;0.0;0.001748750892219843
"17374";0.31420373027259707;0.004807692307692308;0.001748750892219843
"15018";0.47776183644189363;0.009615384615384616;0.001748750892219843
"16352";0.4332855093256809;0.004807692307692308;0.0017416131334760884
"12763";0.8278335724533719;0.004807692307692308;0.0017416131334760884
"15877";0.17216642754662814;0.004807692307692308;0.0017380442541042112
"14270";0.012912482065996933;0.0;0.0017380442541042112
"13732";0.04160688665710133;0.0;0.001734475374732334
"14236";0.9555236728837873;0.004807692307692308;0.0017309064953604568
"18074";1.0;0.0;0.0017273376159885796
"14821";0.6958393113342893;0.0;0.00015346181299072091
"16643";0.18364418938307026;0.0;0.0017201998572448252
"14396";0.3070301291248203;0.004807692307692308;0.0017201998572448252
"17361";0.2682926829268286;0.009615384615384616;0.0017201998572448252
"15165";1.0;0.0;0.0017201998572448252
"17453";0.26255380200860845;0.004807692307692308;0.0017166309778729478
"13338";0.31133428981348654;0.0;0.0017166309778729478
"13675";0.047345767575322384;0.004807692307692308;0.0017166309778729478
"13153";0.3472022955523668;0.0;0.0017130620985010706
"15109";0.18364418938307026;0.0;0.0017094932191291934
"12808";0.18077474892395973;0.009615384615384616;0.0017059243397573162
"13531";0.6958393113342893;0.004807692307692308;0.0017059243397573162
"16518";0.13055954088952593;0.004807692307692308;0.0017059243397573162
"14450";0.0057388809182210565;0.009615384615384616;0.001702355460385439
"17555";0.14347202295552375;0.004807692307692308;0.001702355460385439
"16693";0.4347202295552366;0.004807692307692308;0.0016987865810135618
"16603";0.13199426111908164;0.004807692307692308;0.0016987865810135618
"12504";0.1291248206599711;0.004807692307692308;0.0016987865810135618
"18216";0.17360114777618385;0.0;0.0016987865810135618
"17950";0.6513629842180775;0.009615384615384616;0.0016987865810135618
"15091";0.3945480631276901;0.0;0.0016952177016416846
"15589";0.4461979913916787;0.009615384615384616;0.00168807994289793
"13092";0.0071736011477758765;0.019230769230769232;0.0016845110635260528
"14320";0.05595408895265397;0.004807692307692308;0.0016845110635260528
"12644";0.4375896700143471;0.0;0.0016845110635260528
"14853";0.0071736011477758765;0.004807692307692308;0.0016773733047822984
"12447";0.09612625538020048;0.0;0.0016773733047822984
"15780";0.05164992826398862;0.009615384615384616;0.0016738044254104212
"14497";0.4060258249641322;0.0;0.0016738044254104212
"15557";0.04160688665710133;0.0;0.001670235546038544
"15349";0.31276901004304136;0.004807692307692308;0.001670235546038544
"14013";0.14060258249641322;0.009615384615384616;0.0016666666666666666
"16374";0.35007173601147734;0.004807692307692308;0.0016666666666666666
"16038";0.43185078909612606;0.009615384615384616;0.0016630977872947894
"17964";0.17360114777618385;0.004807692307692308;0.0016630977872947894
"13066";0.2180774748923957;0.004807692307692308;0.0016595289079229122
"14431";0.098995695839311;0.0;0.001655960028551035
"15471";0.2166427546628409;0.0;0.0016523911491791578
"14896";0.6513629842180775;0.004807692307692308;0.0016523911491791578
"15026";0.22955523672883782;0.009615384615384616;0.0016523911491791578
"14335";0.35150645624103305;0.004807692307692308;0.0016488222698072806
"14029";0.21951219512195141;0.004807692307692308;0.0016488222698072806
"13579";0.8278335724533719;0.004807692307692308;0.0016452533904354034
"13248";0.22238163558106105;0.004807692307692308;0.001641684511063526
"13928";0.17360114777618385;0.014423076923076924;0.0016381156316916487
"17140";0.27116212338593915;0.0;0.0016381156316916487
"16586";0.3156384505021519;0.0;0.0016345467523197715
"12787";0.13199426111908164;0.009615384615384616;0.0016345467523197715
"14331";0.22238163558106105;0.004807692307692308;0.0016309778729478943
"12491";0.47776183644189363;0.0;0.0016202712348322627
"14080";0.2180774748923957;0.0;0.0001427551748750892
"15754";0.2281205164992821;0.009615384615384616;0.0016167023554603853
"12355";0.1377331420373027;0.0;0.0016167023554603853
"16589";0.4835007173601147;0.009615384615384616;0.0016167023554603853
"13506";0.8278335724533719;0.004807692307692308;0.0016167023554603853
"17880";0.6083213773314204;0.0;0.0016167023554603853
"17392";0.2740315638450497;0.004807692307692308;0.0016131334760885081
"15092";0.18220946915351455;0.004807692307692308;0.0016131334760885081
"12375";0.4361549497847914;0.004807692307692308;0.0016131334760885081
"12999";0.18364418938307026;0.009615384615384616;0.0016059957173447537
"16529";0.44045911047345765;0.0;0.0016024268379728765
"14184";0.35007173601147734;0.0;0.0015952890792291221
"18158";0.00143472022955482;0.004807692307692308;0.0015952890792291221
"18071";0.6513629842180775;0.004807692307692308;0.0015952890792291221
"12970";0.43185078909612606;0.014423076923076924;0.0015917201998572447
"14173";0.3572453371592541;0.014423076923076924;0.0015881513204853675
"13489";0.31133428981348654;0.014423076923076924;0.0015845824411134903
"17579";0.3041606886657098;0.009615384615384616;0.0015810135617416131
"15739";0.35007173601147734;0.0;0.0015810135617416131
"15646";0.2281205164992821;0.009615384615384616;0.001577444682369736
"15889";0.2668579626972738;0.004807692307692308;0.0015738758029978587
"15456";0.48923959827833574;0.009615384615384616;0.0015738758029978587
"14149";0.40172166427546596;0.0;0.0015738758029978587
"17370";0.1764705882352935;0.014423076923076924;0.0015703069236259815
"17190";0.0;0.004807692307692308;0.001566738044254104
"18222";0.1764705882352935;0.0;0.0015596002855103497
"13359";0.21951219512195141;0.0;0.001548893647394718
"13954";0.17216642754662814;0.004807692307692308;0.001548893647394718
"16025";0.08608321377331407;0.0;0.001548893647394718
"15749";0.05595408895265397;0.009615384615384616;0.15891506067094932
"15423";0.47776183644189363;0.0;0.00013561741613133475
"16968";0.3041606886657098;0.004807692307692308;0.001545324768022841
"12592";0.09469153515064566;0.004807692307692308;0.0015417558886509635
"16034";0.05595408895265397;0.009615384615384616;0.0015417558886509635
"12552";0.47776183644189363;0.004807692307692308;0.0015417558886509635
"15553";0.08751793400286889;0.0;0.0015381870092790863
"15551";0.3931133428981344;0.0;0.001534618129907209
"17035";0.18364418938307026;0.004807692307692308;0.0015274803711634547
"14460";0.4461979913916787;0.009615384615384616;0.0015274803711634547
"14910";0.17360114777618385;0.014423076923076924;0.0015274803711634547
"16881";0.35007173601147734;0.0;0.0015203426124197003
"15976";0.40172166427546596;0.004807692307692308;0.0015167737330478229
"12827";0.2180774748923957;0.009615384615384616;0.0015132048536759457
"15450";0.1291248206599711;0.0;0.0015132048536759457
"14998";0.008608321377331585;0.004807692307692308;0.0015132048536759457
"16884";0.4332855093256809;0.004807692307692308;0.0015132048536759457
"16324";0.3974175035868006;0.009615384615384616;0.0015096359743040685
"15957";0.17360114777618385;0.0;0.0015096359743040685
"13602";0.26255380200860845;0.0;0.0015096359743040685
"12802";0.2682926829268286;0.0;0.0015060670949321913
"12740";0.21951219512195141;0.0;0.0015060670949321913
"12725";0.9153515064562416;0.0;0.0015060670949321913
"17869";0.18220946915351455;0.019230769230769232;0.0015060670949321913
"15930";0.3945480631276901;0.0;0.001502498215560314
"17223";0.4461979913916787;0.004807692307692308;0.001502498215560314
"14288";0.09469153515064566;0.0;0.001502498215560314
"13140";0.6958393113342893;0.009615384615384616;0.0014917915774446823
"16119";0.4763271162123388;0.004807692307692308;0.001488222698072805
"15012";1.0;0.004807692307692308;0.001488222698072805
"13473";0.05595408895265397;0.004807692307692308;0.001488222698072805
"17232";0.2166427546628409;0.004807692307692308;0.0014846538187009279
"15206";0.14060258249641322;0.014423076923076924;0.0014775160599571735
"12931";0.045911047345767564;0.06730769230769232;0.15007137758743755
"15992";0.2596843615494979;0.0;0.0001284796573875803
"12593";0.31420373027259707;0.009615384615384616;0.001470378301213419
"16629";0.35150645624103305;0.004807692307692308;0.001470378301213419
"17701";0.48780487804878003;0.0;0.001470378301213419
"15935";0.008608321377331585;0.004807692307692308;0.0014668094218415416
"16957";0.4045911047345765;0.004807692307692308;0.0014668094218415416
"13166";0.48923959827833574;0.0;0.0014668094218415416
"13889";0.1764705882352935;0.0;0.0014668094218415416
"13085";0.31133428981348654;0.004807692307692308;0.0014632405424696644
"12580";0.2281205164992821;0.0;0.0014632405424696644
"12993";0.045911047345767564;0.014423076923076924;0.0014596716630977872
"14333";0.3945480631276901;0.0;0.0014596716630977872
"16795";0.6513629842180775;0.0;0.0014596716630977872
"16239";0.40028694404591114;0.004807692307692308;0.00145610278372591
"17483";0.13629842180774698;0.009615384615384616;0.00145610278372591
"17052";0.04160688665710133;0.0;0.00145610278372591
"14620";0.48923959827833574;0.004807692307692308;0.0014525339043540328
"14670";0.36011477761836463;0.004807692307692308;0.0014489650249821556
"17913";0.0;0.004807692307692308;0.0014489650249821556
"12990";0.17360114777618385;0.009615384615384616;0.001441827266238401
"14048";0.23098995695839264;0.0;0.001441827266238401
"16243";0.26111908177905274;0.004807692307692308;0.0014382583868665238
"16018";0.0057388809182210565;0.004807692307692308;0.0014382583868665238
"16010";0.18364418938307026;0.009615384615384616;0.0014346895074946466
"15184";0.08608321377331407;0.004807692307692308;0.0014311206281227694
"15127";0.3070301291248203;0.0;0.0014311206281227694
"14616";0.05164992826398862;0.009615384615384616;0.0014275517487508922
"15342";0.4375896700143471;0.0;0.0014275517487508922
"18036";0.18364418938307026;0.009615384615384616;0.0014275517487508922
"12922";0.4835007173601147;0.0;0.001423982869379015
"15938";0.3156384505021519;0.019230769230769232;0.001423982869379015
"16484";0.44045911047345765;0.004807692307692308;0.0014204139900071378
"16319";0.2697274031563843;0.0;0.0014204139900071378
"15221";0.6958393113342893;0.0;0.0014168451106352604
"12386";0.2754662840746054;0.004807692307692308;0.0014132762312633832
"16500";0.3041606886657098;0.02403846153846154;0.001409707351891506
"13255";1.0;0.004807692307692308;0.0014061384725196288
"18164";0.4332855093256809;0.0;0.0014061384725196288
"17841";0.0;0.5913461538461539;0.1462740899357602
"14589";0.9153515064562416;0.0;0.00012134189864382585
"15032";0.6958393113342893;0.009615384615384616;0.017676659528907922
"15547";0.044476327116211856;0.06250000000000001;0.017662384011420413
"12437";0.012912482065996933;0.08173076923076923;0.017648108493932904
"12700";0.18220946915351455;0.014423076923076924;0.017608850820842254
"14709";0.1291248206599711;0.057692307692307696;0.017541042112776586
"17133";0.2281205164992821;0.02884615384615385;0.01743754461099215
"12664";0.0;0.038461538461538464;0.017401855817273375
"14292";0.00143472022955482;0.038461538461538464;0.0173661670235546
"17652";0.08751793400286889;0.05288461538461539;0.017351891506067092
"15738";0.13629842180774698;0.07211538461538462;0.01715203426124197
"13013";0.05021520803443291;0.057692307692307696;0.017148465381870093
"15555";0.0;0.07211538461538462;0.017127052105638828
"17365";0.05595408895265397;0.03365384615384616;0.017116345467523195
"15298";0.1764705882352935;0.05288461538461539;0.017109207708779443
"15187";0.05021520803443291;0.07211538461538462;0.017027123483226266
"17690";0.1291248206599711;0.06730769230769232;0.0169593147751606
"12955";0.17216642754662814;0.04807692307692309;0.016955745895788722
"14180";0.08608321377331407;0.11538461538461539;0.016927194860813705
"15152";0.08751793400286889;0.057692307692307696;0.016916488222698072
"16722";0.13629842180774698;0.057692307692307696;0.016862955032119913
"14159";0.308464849354376;0.04807692307692309;0.016727337615988578
"14135";0.05595408895265397;0.06730769230769232;0.016716630977872945
"14191";0.09038737446197942;0.057692307692307696;0.01669878658101356
"15291";0.0057388809182210565;0.06730769230769232;0.01663811563169165
"14189";0.08608321377331407;0.06730769230769232;0.016588151320485366
"14390";0.0071736011477758765;0.038461538461538464;0.01658458244111349
"14286";0.05164992826398862;0.009615384615384616;0.016498929336188434
"16931";0.09612625538020048;0.09615384615384616;0.016409707351891505
"13802";0.49067431850789056;0.009615384615384616;0.01639186295503212
"15093";0.31994261119081724;0.02403846153846154;0.016384725196288363
"14004";0.35294117647058787;0.02884615384615385;0.016334760885082084
"17613";0.23098995695839264;0.06250000000000001;0.016249107780157028
"17068";0.26255380200860845;0.09615384615384616;0.01622412562455389
"12484";0.2180774748923957;0.02403846153846154;0.016188436830835116
"13267";0.012912482065996933;0.08653846153846155;0.016113490364025696
"15299";0.3945480631276901;0.02884615384615385;0.016063526052819414
"17975";0.21951219512195141;0.057692307692307696;0.015999286224125622
"12524";0.10043041606886671;0.03365384615384616;0.01598857958600999
"14426";0.18507890961262508;0.04326923076923077;0.01597430406852248
"16984";0.00143472022955482;0.004807692307692308;0.015970735189150605
"17364";0.012912482065996933;0.04807692307692309;0.015970735189150605
"12627";0.26255380200860845;0.02884615384615385;0.015963597430406852
"14085";0.14060258249641322;0.08173076923076923;0.015856531049250534
"14534";0.0028694404591105283;0.08173076923076923;0.015849393290506778
"13069";0.0028694404591105283;0.11057692307692309;0.01581013561741613
"15955";0.043041606886657036;0.06250000000000001;0.015738758029978584
"16626";0.1276901004304154;0.07692307692307693;0.015728051391862955
"15874";0.18364418938307026;0.02884615384615385;0.015703069236259814
"12712";0.012912482065996933;0.057692307692307696;0.01566738044254104
"16945";0.0;0.08653846153846155;0.01548893647394718
"14016";0.4835007173601147;0.014423076923076924;0.015471092077087795
"14800";0.043041606886657036;0.05288461538461539;0.015467523197715917
"14525";0.045911047345767564;0.038461538461538464;0.0154389721627409
"17567";0.1764705882352935;0.03365384615384616;0.015435403283369023
"12347";0.13629842180774698;0.02884615384615385;0.015360456816559601
"15034";0.04160688665710133;0.03365384615384616;0.015356887937187723
"17937";0.17360114777618385;0.02884615384615385;0.015328336902212705
"14422";0.1276901004304154;0.02403846153846154;0.015196288365453248
"12500";0.10043041606886671;0.04807692307692309;0.015174875089221985
"17419";0.18507890961262508;0.05288461538461539;0.01506423982869379
"14277";0.05021520803443291;0.009615384615384616;0.01502498215560314
"15804";0.1276901004304154;0.057692307692307696;0.014989293361884369
"17920";0.26111908177905274;0.07692307692307693;0.014982155603140614
"15971";0.00143472022955482;0.05288461538461539;0.014967880085653106
"12747";0.2166427546628409;0.04807692307692309;0.014953604568165597
"14146";0.4763271162123388;0.019230769230769232;0.01493576017130621
"18041";0.09469153515064566;0.09615384615384616;0.014907209136331192
"12949";0.1291248206599711;0.03365384615384616;0.014850107066381157
"15570";0.098995695839311;0.05288461538461539;0.014846538187009279
"16549";0.044476327116211856;0.04326923076923077;0.01480728051391863
"13384";0.1291248206599711;0.02884615384615385;0.014796573875802998
"15514";0.26111908177905274;0.04807692307692309;0.014750178443968594
"12569";0.0;0.14903846153846154;0.014700214132762313
"16592";0.1291248206599711;0.07211538461538462;0.014660956459671663
"17940";0.098995695839311;0.04326923076923077;0.014632405424696645
"17377";0.044476327116211856;0.09134615384615385;0.01461456102783726
"16401";0.17216642754662814;0.05288461538461539;0.014603854389721628
"16670";0.05595408895265397;0.04807692307692309;0.014596716630977873
"12749";0.09469153515064566;0.019230769230769232;0.014578872234118486
"14092";0.3945480631276901;0.06250000000000001;0.014528907922912206
"12449";0.13199426111908164;0.014423076923076924;0.014493219129193434
"18087";0.4361549497847914;0.004807692307692308;0.014453961456102784
"14401";0.09325681492108995;0.057692307692307696;0.014436117059243398
"12867";0.1377331420373027;0.02884615384615385;0.014386152748037116
"12841";0.0057388809182210565;0.11538461538461539;0.014332619557458959
"12957";0.2682926829268286;0.03365384615384616;0.01431834403997145
"12378";0.4375896700143471;0.0;0.014286224125624554
"14547";0.2596843615494979;0.03365384615384616;0.014282655246252676
"16186";0.0071736011477758765;0.05288461538461539;0.0142790863668808
"15522";0.2180774748923957;0.004807692307692308;0.0014025695931477516
"17830";0.17216642754662814;0.009615384615384616;0.0014025695931477516
"18154";0.2596843615494979;0.004807692307692308;0.0014025695931477516
"12508";0.08608321377331407;0.004807692307692308;0.0013990007137758744
"13352";0.08751793400286889;0.0;0.0013990007137758744
"12824";0.043041606886657036;0.0;0.0013954318344039972
"13673";0.2180774748923957;0.004807692307692308;0.0013954318344039972
"16354";0.21951219512195141;0.004807692307692308;0.0013918629550321198
"15883";0.2166427546628409;0.004807692307692308;0.0013918629550321198
"15264";0.26255380200860845;0.0;0.0013847251962883654
"14619";0.18364418938307026;0.0;0.0013847251962883654
"15386";0.2682926829268286;0.0;0.0013847251962883654
"17226";0.36154949784791945;0.0;0.0013811563169164882
"14600";0.23098995695839264;0.0;0.0013811563169164882
"16917";0.18507890961262508;0.0;0.001377587437544611
"15837";0.26255380200860845;0.0;0.001377587437544611
"12982";0.05164992826398862;0.0;0.0013740185581727338
"13873";0.0028694404591105283;0.009615384615384616;0.0013704496788008566
"17936";0.3472022955523668;0.0;0.0013704496788008566
"18024";0.09182209469153513;0.004807692307692308;0.0013704496788008566
"15098";0.09325681492108995;0.009615384615384616;0.14243754461099215
"16659";0.40028694404591114;0.0;0.00011777301927194859
"12977";0.2668579626972738;0.0;0.00011777301927194859
"13899";0.09756097560975618;0.004807692307692308;0.0013668807994289792
"16250";1.0;0.004807692307692308;0.0013668807994289792
"13856";0.13629842180774698;0.009615384615384616;0.0013668807994289792
"17595";0.4332855093256809;0.004807692307692308;0.0013668807994289792
"15847";0.47776183644189363;0.004807692307692308;0.0013668807994289792
"14538";0.26255380200860845;0.004807692307692308;0.001363311920057102
"16776";0.08751793400286889;0.0;0.001363311920057102
"14420";0.48063127690100416;0.0;0.001363311920057102
"17817";0.22955523672883782;0.009615384615384616;0.001363311920057102
"17508";0.36011477761836463;0.0;0.0013597430406852248
"14114";0.05308464849354344;0.004807692307692308;0.0013597430406852248
"14779";0.36011477761836463;0.009615384615384616;0.0013561741613133476
"17250";0.2596843615494979;0.004807692307692308;0.0013526052819414704
"13919";0.043041606886657036;0.004807692307692308;0.0013526052819414704
"13833";0.39885222381635543;0.0;0.0013526052819414704
"16982";0.08751793400286889;0.0;0.0013490364025695932
"15048";0.3070301291248203;0.014423076923076924;0.0013490364025695932
"13817";0.08608321377331407;0.004807692307692308;0.001345467523197716
"12832";0.2180774748923957;0.004807692307692308;0.001345467523197716
"14304";0.4863701578192252;0.0;0.001345467523197716
"17999";0.4332855093256809;0.004807692307692308;0.0013418986438258386
"17138";0.14060258249641322;0.0;0.0013383297644539614
"16930";0.4347202295552366;0.009615384615384616;0.0013383297644539614
"16441";0.3945480631276901;0.004807692307692308;0.0013383297644539614
"15090";0.36154949784791945;0.0;0.0013383297644539614
"17573";0.08608321377331407;0.009615384615384616;0.0013383297644539614
"13656";0.2754662840746054;0.004807692307692308;0.0013347608850820842
"14594";0.43185078909612606;0.004807692307692308;0.0013347608850820842
"17031";0.17934002869440402;0.004807692307692308;0.0013347608850820842
"14731";0.05021520803443291;0.009615384615384616;0.0013347608850820842
"16552";0.05164992826398862;0.004807692307692308;0.0013347608850820842
"12855";0.9555236728837873;0.0;0.00011420413990007137
"13372";0.044476327116211856;0.0;0.001331192005710207
"15885";0.1764705882352935;0.009615384615384616;0.001331192005710207
"17078";0.3931133428981344;0.004807692307692308;0.0013276231263383298
"17489";0.0;0.004807692307692308;0.0013240542469664526
"15025";0.26111908177905274;0.0;0.0013240542469664526
"16858";0.7833572453371591;0.0;0.0013204853675945754
"14067";0.21951219512195141;0.004807692307692308;0.001316916488222698
"14448";0.6083213773314204;0.004807692307692308;0.001316916488222698
"17492";0.3156384505021519;0.0;0.001316916488222698
"14079";0.22238163558106105;0.0;0.001316916488222698
"13351";0.35007173601147734;0.0;0.0013133476088508208
"16321";0.23098995695839264;0.019230769230769232;0.0013133476088508208
"12873";0.444763271162123;0.0;0.0013133476088508208
"13569";0.7403156384505021;0.004807692307692308;0.0013133476088508208
"16903";0.08608321377331407;0.0;0.0013097787294789436
"12544";0.3931133428981344;0.0;0.0013097787294789436
"12981";0.08608321377331407;0.004807692307692308;0.0013062098501070664
"14690";0.047345767575322384;0.004807692307692308;0.0013062098501070664
"17765";0.3543758967001436;0.009615384615384616;0.0013062098501070664
"16065";0.6513629842180775;0.0;0.0013062098501070664
"15063";0.09469153515064566;0.0;0.0013026409707351892
"15922";1.0;0.0;0.001299072091363312
"13798";0.00143472022955482;0.2692307692307693;0.13257673090649535
"16013";0.0028694404591105283;0.22115384615384615;0.13249464668094219
"16162";0.48780487804878003;0.0;0.00011063526052819414
"17816";0.3070301291248203;0.014423076923076924;0.00011063526052819414
"16758";0.3070301291248203;0.0;0.0012955032119914348
"16372";0.26111908177905274;0.004807692307692308;0.0012919343326195573
"17358";0.14203730272596804;0.004807692307692308;0.001284796573875803
"17432";0.4332855093256809;0.004807692307692308;0.001284796573875803
"14886";0.48780487804878003;0.0;0.0012812276945039257
"12373";0.49067431850789056;0.0;0.0012812276945039257
"16499";0.6083213773314204;0.004807692307692308;0.0012812276945039257
"12915";0.9555236728837873;0.004807692307692308;0.0012776588151320485
"12538";0.08608321377331407;0.0;0.0012776588151320485
"14932";0.6513629842180775;0.0;0.0012776588151320485
"14528";0.4332855093256809;0.0;0.0012776588151320485
"14171";0.4361549497847914;0.0;0.0012776588151320485
"17330";0.3945480631276901;0.004807692307692308;0.0012776588151320485
"15901";0.17934002869440402;0.009615384615384616;0.0012776588151320485
"14427";0.21951219512195141;0.004807692307692308;0.0012740899357601713
"16378";0.27116212338593915;0.009615384615384616;0.0012740899357601713
"13291";0.22381635581061676;0.0;0.0012669521770164167
"13298";0.17216642754662814;0.0;0.0012633832976445395
"13780";0.43185078909612606;0.004807692307692308;0.0012633832976445395
"16595";0.13055954088952593;0.0;0.0012633832976445395
"15940";0.49067431850789056;0.0;0.00010706638115631691
"16274";1.0;0.0;0.0012562455389007851
"17025";0.08751793400286889;0.009615384615384616;0.0012562455389007851
"16971";0.47776183644189363;0.0;0.001252676659528908
"14500";0.00143472022955482;0.009615384615384616;0.001252676659528908
"15713";0.6958393113342893;0.004807692307692308;0.001252676659528908
"18040";0.18364418938307026;0.004807692307692308;0.001252676659528908
"15840";0.0;0.004807692307692308;0.0012491077801570307
"15247";0.13342898134863646;0.0;0.0012491077801570307
"12617";0.08608321377331407;0.0;0.0012491077801570307
"13642";0.18220946915351455;0.0;0.0012455389007851535
"17742";0.05595408895265397;0.004807692307692308;0.0012455389007851535
"12888";0.1377331420373027;0.004807692307692308;0.0012419700214132761
"17252";0.2682926829268286;0.004807692307692308;0.0012419700214132761
"17222";0.3070301291248203;0.0;0.0012419700214132761
"15870";0.2180774748923957;0.0;0.0012419700214132761
"13173";0.3041606886657098;0.004807692307692308;0.0012419700214132761
"14804";0.4763271162123388;0.0;0.001238401142041399
"13210";0.22094691535150623;0.0;0.001238401142041399
"17976";0.9555236728837873;0.0;0.001238401142041399
"15334";0.2668579626972738;0.009615384615384616;0.0012348322626695217
"17835";0.2166427546628409;0.009615384615384616;0.0012312633832976445
"12532";0.1291248206599711;0.0;0.0012276945039257673
"13108";0.9555236728837873;0.0;0.0012276945039257673
"17831";0.26111908177905274;0.0;0.00010349750178443968
"14576";0.9555236728837873;0.0;0.00010349750178443968
"13790";0.3041606886657098;0.0;0.0012241256245538901
"15405";0.40028694404591114;0.0;0.0012241256245538901
"15579";0.4347202295552366;0.004807692307692308;0.0012241256245538901
"18250";0.4461979913916787;0.0;0.0012241256245538901
"16159";0.4045911047345765;0.0;0.001220556745182013
"13497";0.444763271162123;0.004807692307692308;0.001220556745182013
"17668";0.17216642754662814;0.004807692307692308;0.001220556745182013
"13052";0.05021520803443291;0.0;0.001220556745182013
"13649";0.6958393113342893;0.004807692307692308;0.0012169878658101355
"13062";0.4849354375896695;0.0;0.0012169878658101355
"13091";0.04160688665710133;0.0;0.0012134189864382583
"17123";0.4835007173601147;0.0;0.001209850107066381
"15781";0.23098995695839264;0.009615384615384616;0.001209850107066381
"17569";0.05595408895265397;0.0;0.001206281227694504
"15520";0.17216642754662814;0.0;0.001206281227694504
"15880";0.8278335724533719;0.0;0.0012027123483226267
"12875";0.5208034433285507;0.004807692307692308;0.0012027123483226267
"18081";0.3931133428981344;0.009615384615384616;0.0012027123483226267
"16851";0.3041606886657098;0.009615384615384616;0.0011991434689507495
"12519";0.21951219512195141;0.0;0.0011955745895788723
"14491";0.9555236728837873;0.004807692307692308;0.0011955745895788723
"17917";0.5208034433285507;0.009615384615384616;0.0011955745895788723
"16422";0.043041606886657036;0.2403846153846154;0.12376159885795861
"16183";0.3945480631276901;0.0;0.0011884368308351177
"17045";0.2668579626972738;0.009615384615384616;0.0011884368308351177
"15652";0.13199426111908164;0.0;0.0011848679514632405
"16105";0.3156384505021519;0.0;0.0011812990720913633
"18078";0.2697274031563843;0.004807692307692308;0.001177730192719486
"17914";0.2596843615494979;0.0;0.001177730192719486
"17384";0.3572453371592541;0.004807692307692308;0.001177730192719486
"12489";0.23242467718794835;0.0;0.0011741613133476089
"14988";0.0071736011477758765;0.0;0.0011741613133476089
"17221";0.3931133428981344;0.004807692307692308;0.0011741613133476089
"14264";0.17934002869440402;0.004807692307692308;0.0011705924339757317
"12350";0.4461979913916787;0.0;0.0011705924339757317
"15918";0.44045911047345765;0.004807692307692308;0.0011705924339757317
"16625";0.09756097560975618;0.0;0.0011670235546038543
"13904";0.4332855093256809;0.004807692307692308;0.0011670235546038543
"13727";0.04160688665710133;0.004807692307692308;0.0011670235546038543
"16850";0.10043041606886671;0.0;0.001163454675231977
"16803";0.3070301291248203;0.0;0.001163454675231977
"13706";0.098995695839311;0.0;0.0011598857958600999
"12891";0.22525107604017158;0.009615384615384616;0.0011598857958600999
"16030";0.4060258249641322;0.0;0.0011598857958600999
"16478";0.26255380200860845;0.009615384615384616;0.0011598857958600999
"14517";0.26111908177905274;0.004807692307692308;0.0011563169164882227
"17615";0.482065997130559;0.009615384615384616;0.0011563169164882227
"16593";0.40028694404591114;0.009615384615384616;0.0011563169164882227
"12748";0.0071736011477758765;1.0;0.12032119914346896
"15838";0.09038737446197942;0.08653846153846155;0.12004639543183442
"15153";0.17360114777618385;0.0;0.0011527480371163455
"14012";0.22955523672883782;0.0;0.0011527480371163455
"14024";0.09038737446197942;0.004807692307692308;0.0011491791577444683
"14747";0.3586800573888089;0.0;0.0011491791577444683
"16318";0.3486370157819225;0.0;0.0011491791577444683
"16322";0.17216642754662814;0.004807692307692308;0.001145610278372591
"15363";0.9555236728837873;0.0;0.0011420413990007137
"14850";0.49067431850789056;0.0;0.0011420413990007137
"16830";0.47776183644189363;0.0;0.0011420413990007137
"14987";0.6513629842180775;0.004807692307692308;0.0011420413990007137
"12844";0.08608321377331407;0.004807692307692308;0.0011420413990007137
"13801";0.35007173601147734;0.0;0.0011384725196288365
"15944";0.18507890961262508;0.0;0.0011384725196288365
"15597";0.3486370157819225;0.0;0.0011384725196288365
"15675";0.22381635581061676;0.009615384615384616;0.0011349036402569593
"14555";0.098995695839311;0.004807692307692308;0.0011349036402569593
"16685";0.13055954088952593;0.004807692307692308;0.0011349036402569593
"18261";0.308464849354376;0.004807692307692308;0.0011349036402569593
"13955";0.17934002869440402;0.004807692307692308;0.001131334760885082
"15224";0.5208034433285507;0.004807692307692308;0.0011277658815132049
"14823";0.0057388809182210565;0.009615384615384616;0.0011241970021413277
"14622";0.18077474892395973;0.0;0.0011241970021413277
"16674";0.4361549497847914;0.004807692307692308;0.0011206281227694505
"15107";0.05595408895265397;0.02403846153846154;0.0011206281227694505
"17157";0.43185078909612606;0.004807692307692308;0.001117059243397573
"16967";0.40028694404591114;0.0;0.001117059243397573
"17229";0.35150645624103305;0.004807692307692308;0.001117059243397573
"17248";0.045911047345767564;0.0;0.001117059243397573
"17267";0.35294117647058787;0.004807692307692308;0.0011134903640256958
"12648";0.17934002869440402;0.0;0.0011134903640256958
"15101";0.4763271162123388;0.004807692307692308;0.0011134903640256958
"16761";0.35150645624103305;0.0;0.0011099214846538186
"16386";0.04160688665710133;0.004807692307692308;0.0011099214846538186
"15257";0.48923959827833574;0.0;0.0011099214846538186
"14479";0.6513629842180775;0.004807692307692308;0.0011063526052819414
"13494";0.49067431850789056;0.0;0.0011063526052819414
"12614";0.22955523672883782;0.0;0.0011063526052819414
"16473";0.23242467718794835;0.009615384615384616;0.0011063526052819414
"15766";0.26255380200860845;0.0;0.0011027837259100642
"16091";0.17934002869440402;0.004807692307692308;0.0011027837259100642
"15970";0.14203730272596804;0.0;0.001099214846538187
"13484";0.008608321377331585;0.0;0.001099214846538187
"12650";0.2596843615494979;0.0;0.001099214846538187
"14729";1.0;0.0;0.0010956459671663098
"15318";0.2596843615494979;0.0;0.0010956459671663098
"13845";0.26255380200860845;0.0;0.0010956459671663098
"12834";0.444763271162123;0.0;0.0010920770877944324
"15326";0.10043041606886671;0.0;0.0010920770877944324
"17362";0.4060258249641322;0.004807692307692308;0.0010920770877944324
"12785";0.6083213773314204;0.0;0.0010920770877944324
"14142";1.0;0.0;0.0010920770877944324
"13990";0.09469153515064566;0.0;0.0010885082084225552
"16781";0.9555236728837873;0.0;0.0010885082084225552
"17854";0.22525107604017158;0.004807692307692308;0.0010885082084225552
"17266";0.2166427546628409;0.009615384615384616;0.0010885082084225552
"17912";0.4461979913916787;0.019230769230769232;0.0010885082084225552
"15661";0.31994261119081724;0.004807692307692308;0.001084939329050678
"14311";0.05164992826398862;0.0;0.001084939329050678
"15308";0.09756097560975618;0.0;0.001084939329050678
"14339";0.05164992826398862;0.0;0.001084939329050678
"14924";0.18364418938307026;0.0;0.001084939329050678
"17404";0.0071736011477758765;0.06730769230769232;0.11385082084225553
"17389";0.012912482065996933;0.15865384615384615;0.1135902926481085
"17604";0.2697274031563843;0.004807692307692308;0.0010813704496788008
"12884";0.00143472022955482;0.0;0.0010813704496788008
"15010";0.3486370157819225;0.0;0.0010813704496788008
"13787";0.6083213773314204;0.004807692307692308;0.0010813704496788008
"13699";0.22381635581061676;0.0;0.0010813704496788008
"13395";0.22525107604017158;0.0;0.0010778015703069236
"13466";0.18077474892395973;0.0;0.0010778015703069236
"13369";0.6513629842180775;0.0;0.0010778015703069236
"15973";0.6958393113342893;0.0;0.0010778015703069236
"17334";0.098995695839311;0.004807692307692308;0.0010742326909350464
"16668";0.09325681492108995;0.02403846153846154;0.0010742326909350464
"15087";0.4045911047345765;0.0;0.0010742326909350464
"13718";0.2281205164992821;0.004807692307692308;0.0010742326909350464
"13762";0.31420373027259707;0.0;0.0010742326909350464
"14915";0.13199426111908164;0.004807692307692308;0.0010742326909350464
"13863";0.27116212338593915;0.0;0.0010706638115631692
"16796";0.044476327116211856;0.0;0.0010706638115631692
"18059";0.3945480631276901;0.009615384615384616;0.0010706638115631692
"17941";0.482065997130559;0.0;0.0010670949321912918
"12623";0.18507890961262508;0.0;0.0010670949321912918
"13045";0.48063127690100416;0.0;0.0010670949321912918
"17732";0.9555236728837873;0.0;0.0010635260528194146
"16217";0.444763271162123;0.004807692307692308;0.0010635260528194146
"16400";0.26398852223816327;0.0;0.0010635260528194146
"13083";0.3041606886657098;0.004807692307692308;0.0010635260528194146
"18185";0.3586800573888089;0.0;0.0010635260528194146
"15060";0.4763271162123388;0.014423076923076924;0.0010599571734475374
"17433";0.00143472022955482;0.0;0.0010599571734475374
"16425";0.098995695839311;0.0;0.0010599571734475374
"16292";0.09038737446197942;0.0;0.0010563882940756602
"16104";0.13055954088952593;0.0;0.0010563882940756602
"17978";0.6513629842180775;0.0;0.001052819414703783
"16402";0.8278335724533719;0.004807692307692308;0.0010492505353319058
"15254";0.35294117647058787;0.0;0.0010492505353319058
"17769";0.043041606886657036;0.04326923076923077;0.014246966452533904
"15529";0.14060258249641322;0.04807692307692309;0.014236259814418274
"17001";0.1276901004304154;0.04807692307692309;0.014218415417558887
"15416";0.22381635581061676;0.014423076923076924;0.014197002141327623
"17611";0.05164992826398862;0.06730769230769232;0.014197002141327623
"12779";0.3156384505021519;0.03365384615384616;0.014186295503211991
"12727";0.308464849354376;0.02884615384615385;0.014186295503211991
"14299";0.0;0.038461538461538464;0.014132762312633834
"13523";0.26111908177905274;0.019230769230769232;0.014129193433261956
"13183";0.14347202295552375;0.038461538461538464;0.014104211277658816
"17651";0.17360114777618385;0.04326923076923077;0.014057815845824412
"12473";0.08608321377331407;0.019230769230769232;0.014036402569593149
"17593";0.13199426111908164;0.019230769230769232;0.01399357601713062
"14739";0.26398852223816327;0.02884615384615385;0.013904354032833691
"13999";0.04160688665710133;0.05288461538461539;0.013904354032833691
"14291";0.045911047345767564;0.04807692307692309;0.013836545324768024
"18073";0.22381635581061676;0.05288461538461539;0.013818700927908637
"13124";0.044476327116211856;0.009615384615384616;0.01377587437544611
"15195";0.2166427546628409;0.0;0.013758029978586724
"16717";0.2180774748923957;0.02403846153846154;0.013747323340471093
"12662";0.1276901004304154;0.04807692307692309;0.013718772305496075
"16327";0.8278335724533719;0.02403846153846154;0.013697359029264812
"13266";0.08608321377331407;0.05288461538461539;0.013661670235546038
"17091";0.17360114777618385;0.038461538461538464;0.013640256959314775
"15867";0.05164992826398862;0.06730769230769232;0.013586723768736616
"12755";0.36011477761836463;0.004807692307692308;0.01358315488936474
"12597";0.13629842180774698;0.014423076923076924;0.013579586009992862
"13435";0.30989956958393083;0.02884615384615385;0.013576017130620986
"16145";0.004304160688665348;0.04807692307692309;0.013536759457530335
"16655";0.012912482065996933;0.02403846153846154;0.013522483940042827
"16168";0.004304160688665348;0.125;0.013497501784439687
"16019";0.23242467718794835;0.038461538461538464;0.013490364025695931
"12562";0.30989956958393083;0.02884615384615385;0.013476088508208422
"17173";0.0;0.03365384615384616;0.013422555317630265
"16904";0.08608321377331407;0.07211538461538462;0.01337615988579586
"12429";0.6513629842180775;0.014423076923076924;0.013361884368308352
"17238";0.04160688665710133;0.07692307692307693;0.013344039971448965
"14145";0.2668579626972738;0.014423076923076924;0.013333333333333334
"13552";0.1779053084648492;0.05288461538461539;0.01332619557458958
"16570";0.2180774748923957;0.04326923076923077;0.013319057815845825
"15808";0.2740315638450497;0.014423076923076924;0.013308351177730193
"14282";0.17360114777618385;0.06730769230769232;0.01328693790149893
"12502";0.2697274031563843;0.019230769230769232;0.013269093504639543
"12647";0.044476327116211856;0.05288461538461539;0.013265524625267667
"13680";0.17216642754662814;0.014423076923076924;0.013261955745895788
"14364";0.0071736011477758765;0.03365384615384616;0.013244111349036403
"15845";0.2754662840746054;0.03365384615384616;0.013226266952177016
"15622";0.444763271162123;0.038461538461538464;0.013219129193433262
"13148";0.08608321377331407;0.05288461538461539;0.013208422555317631
"17819";0.09325681492108995;0.02884615384615385;0.013201284796573877
"15379";0.14060258249641322;0.02884615384615385;0.01319414703783012
"12553";0.0;0.04326923076923077;0.013154889364739472
"16253";0.35007173601147734;0.004807692307692308;0.013126338329764455
"15581";0.045911047345767564;0.057692307692307696;0.013112062812276946
"15296";0.05021520803443291;0.02403846153846154;0.013087080656673805
"18079";0.30989956958393083;0.014423076923076924;0.013012134189864383
"13137";0.04160688665710133;0.03365384615384616;0.013004996431120628
"12417";0.2596843615494979;0.038461538461538464;0.013001427551748752
"16712";0.05021520803443291;0.04807692307692309;0.012987152034261241
"13426";0.044476327116211856;0.04326923076923077;0.012972876516773733
"16440";0.08608321377331407;0.019230769230769232;0.012972876516773733
"12619";0.26111908177905274;0.038461538461538464;0.012972876516773733
"13381";0.044476327116211856;0.02403846153846154;0.012965738758029978
"17230";0.4461979913916787;0.03365384615384616;0.012962169878658102
"14543";0.04160688665710133;0.07211538461538462;0.012933618843683084
"17528";0.0;0.03365384615384616;0.012930049964311206
"13327";0.22525107604017158;0.03365384615384616;0.01292648108493933
"13520";0.0;0.02403846153846154;0.012912205567451821
"17576";0.004304160688665348;0.08653846153846155;0.012908636688079943
"14040";0.012912482065996933;0.05288461538461539;0.012880085653104925
"13082";0.30989956958393083;0.038461538461538464;0.012876516773733047
"15505";0.22381635581061676;0.019230769230769232;0.012865810135617417
"16242";0.1377331420373027;0.02884615384615385;0.012837259100642399
"15484";0.17216642754662814;0.014423076923076924;0.012805139186295503
"14132";0.004304160688665348;0.04807692307692309;0.012776588151320486
"17203";0.08751793400286889;0.02403846153846154;0.012698072805139187
"17491";0.17216642754662814;0.04326923076923077;0.0126802284082798
"15544";0.0028694404591105283;0.038461538461538464;0.012637401855817274
"12370";0.09756097560975618;0.014423076923076924;0.012633832976445396
"14503";0.2596843615494979;0.02403846153846154;0.012623126338329765
"13448";0.31420373027259707;0.02403846153846154;0.012608850820842257
"13334";0.23098995695839264;0.009615384615384616;0.012601713062098502
"17160";0.008608321377331585;0.02403846153846154;0.012533904354032835
"13953";0.09756097560975618;0.02884615384615385;0.01252676659528908
"16360";0.00143472022955482;0.02403846153846154;0.012516059957173448
"14395";0.08751793400286889;0.038461538461538464;0.012498215560314063
"14907";0.04160688665710133;0.02884615384615385;0.012473233404710921
"16458";0.00143472022955482;0.08173076923076923;0.012408993576017132
"13014";0.2180774748923957;0.04326923076923077;0.012348322626695218
"13993";0.044476327116211856;0.038461538461538464;0.012348322626695218
"17758";0.09182209469153513;0.03365384615384616;0.012316202712348323
"15410";0.4375896700143471;0.03365384615384616;0.01229478943611706
"13536";0.17216642754662814;0.02884615384615385;0.012284082798001427
"15129";0.30989956958393083;0.04807692307692309;0.01228051391862955
"15974";0.0071736011477758765;0.02884615384615385;0.012262669521770164
"17725";0.3586800573888089;0.04807692307692309;0.012251962883654533
"15676";0.3486370157819225;0.009615384615384616;0.0122412562455389
"14221";0.3629842180774743;0.038461538461538464;0.01223054960742327
"12406";0.13629842180774698;0.004807692307692308;0.012166309778729479
"15981";0.008608321377331585;0.03365384615384616;0.012141327623126339
"13437";0.17360114777618385;0.02884615384615385;0.012141327623126339
"17669";0.13342898134863646;0.02884615384615385;0.012137758743754461
"13198";0.045911047345767564;0.02403846153846154;0.012116345467523198
"15228";0.35007173601147734;0.014423076923076924;0.012066381156316917
"13842";0.0;0.038461538461538464;0.012062812276945039
"15708";0.14347202295552375;0.02884615384615385;0.01198429693076374
"16011";0.0028694404591105283;0.07211538461538462;0.011980728051391863
"14227";0.18364418938307026;0.04326923076923077;0.011937901498929336
"16818";0.13629842180774698;0.04807692307692309;0.01193433261955746
"16607";0.0;0.06250000000000001;0.011927194860813705
"17183";0.2180774748923957;0.02403846153846154;0.011923625981441827
"13015";0.18364418938307026;0.019230769230769232;0.011920057102069951
"12643";0.05595408895265397;0.02403846153846154;0.011916488222698073
"12594";0.09038737446197942;0.04326923076923077;0.011891506067094932
"16556";0.18364418938307026;0.02884615384615385;0.011805852962169879
"13373";0.08751793400286889;0.009615384615384616;0.011798715203426124
"14841";0.043041606886657036;0.02403846153846154;0.01174161313347609
"14702";0.14347202295552375;0.07692307692307693;0.01172733761598858
"15632";0.09038737446197942;0.03365384615384616;0.01170235546038544
"12480";0.04160688665710133;0.014423076923076924;0.011691648822269807
"15764";0.00143472022955482;0.02403846153846154;0.011684511063526052
"17723";0.1377331420373027;0.02403846153846154;0.011670235546038544
"13952";0.2697274031563843;0.004807692307692308;0.011581013561741613
"13047";0.17360114777618385;0.04326923076923077;0.01153461812990721
"15443";0.17216642754662814;0.02884615384615385;0.011531049250535332
"17050";0.27259684361549485;0.02403846153846154;0.011502498215560314
"14175";0.043041606886657036;0.009615384615384616;0.011477516059957173
"13880";0.2682926829268286;0.057692307692307696;0.011470378301213419
"13268";0.008608321377331585;0.04807692307692309;0.011452533904354033
"14388";0.09038737446197942;0.03365384615384616;0.011445396145610279
"16107";0.04160688665710133;0.02884615384615385;0.011413276231263383
"17220";0.2668579626972738;0.06250000000000001;0.01139186295503212
"13868";0.43185078909612606;0.004807692307692308;0.011374018558172733
"17685";0.00143472022955482;0.02884615384615385;0.011370449678800857
"13758";0.14347202295552375;0.02884615384615385;0.011366880799428979
"14844";0.008608321377331585;0.014423076923076924;0.011363311920057103
"17672";0.4060258249641322;0.004807692307692308;0.011320485367594576
"17231";0.18220946915351455;0.04326923076923077;0.011306209850107067
"16837";0.043041606886657036;0.04807692307692309;0.011295503211991435
"16041";0.1291248206599711;0.009615384615384616;0.011277658815132048
"17863";0.043041606886657036;0.02403846153846154;0.011256245538900785
"15065";0.4332855093256809;0.014423076923076924;0.01124910778015703
"14235";0.31133428981348654;0.019230769230769232;0.011202712348322628
"13742";0.044476327116211856;0.05288461538461539;0.011152748037116345
"16156";0.047345767575322384;0.038461538461538464;0.011120628122769451
"13685";0.08751793400286889;0.02884615384615385;0.011109921484653819
"16326";0.13055954088952593;0.06250000000000001;0.011081370449678801
"16678";0.0028694404591105283;0.05288461538461539;0.011077801570306923
"13869";0.1779053084648492;0.014423076923076924;0.011059957173447538
"14099";0.045911047345767564;0.04807692307692309;0.01105638829407566
"16905";0.3472022955523668;0.02884615384615385;0.011049250535331906
"15491";0.308464849354376;0.02403846153846154;0.011042112776588151
"14257";0.1779053084648492;0.019230769230769232;0.011042112776588151
"14565";0.308464849354376;0.014423076923076924;0.011038543897216275
"17059";0.08608321377331407;0.019230769230769232;0.011024268379728766
"13362";0.18364418938307026;0.014423076923076924;0.011009992862241257
"15998";0.3931133428981344;0.019230769230769232;0.01100642398286938
"16218";0.08608321377331407;0.02884615384615385;0.010988579586009992
"18272";0.004304160688665348;0.02403846153846154;0.010967166309778729
"12910";0.008608321377331585;0.03365384615384616;0.01095289079229122
"13631";0.48063127690100416;0.04807692307692309;0.010935046395431835
"16686";0.23098995695839264;0.02884615384615385;0.010910064239828694
"14456";0.044476327116211856;0.038461538461538464;0.010906495360456818
"17799";0.05164992826398862;0.04326923076923077;0.010885082084225553
"16393";0.18220946915351455;0.057692307692307696;0.01084939329050678
"16709";0.18364418938307026;0.019230769230769232;0.010792291220556745
"12598";0.04160688665710133;0.03365384615384616;0.010767309064953604
"12395";0.0071736011477758765;0.05288461538461539;0.010753033547466095
"18094";0.31420373027259707;0.02884615384615385;0.010745895788722341
"12754";0.22955523672883782;0.009615384615384616;0.010724482512491078
"15521";0.05021520803443291;0.03365384615384616;0.010685224839400428
"17124";0.22525107604017158;0.0;0.0010456816559600286
"18215";0.044476327116211856;0.0;0.0010456816559600286
"12881";0.14060258249641322;0.0;0.0010421127765881512
"15609";0.18077474892395973;0.0;0.0010421127765881512
"17531";0.44045911047345765;0.0;0.001038543897216274
"13441";0.13199426111908164;0.0;0.001038543897216274
"13504";0.26255380200860845;0.0;0.0010349750178443968
"16998";0.18651362984218078;0.014423076923076924;0.0010314061384725196
"15732";0.05021520803443291;0.004807692307692308;0.0010278372591006424
"12829";0.23242467718794835;0.004807692307692308;0.0010242683797287652
"15545";0.9153515064562416;0.004807692307692308;0.0010242683797287652
"13259";0.13055954088952593;0.0;0.001020699500356888
"13502";0.09756097560975618;0.009615384615384616;0.001020699500356888
"14656";0.48923959827833574;0.004807692307692308;0.0010171306209850106
"14947";0.482065997130559;0.004807692307692308;0.0010171306209850106
"17691";0.7833572453371591;0.004807692307692308;0.0010135617416131334
"17464";0.3543758967001436;0.0;0.0010135617416131334
"14549";0.49067431850789056;0.0;0.0010099928622412562
"16125";0.7403156384505021;0.0;0.0010099928622412562
"17501";0.40172166427546596;0.004807692307692308;0.0010099928622412562
"17760";1.0;0.004807692307692308;0.001006423982869379
"16808";0.09756097560975618;0.004807692307692308;0.001006423982869379
"17977";0.08608321377331407;0.0;0.001006423982869379
"16432";0.26255380200860845;0.0;0.0010028551034975018
"16555";0.3486370157819225;0.004807692307692308;0.0009992862241256246
"18270";0.47776183644189363;0.004807692307692308;0.0009885795860099928
"13754";0.047345767575322384;0.004807692307692308;0.0009885795860099928
"17783";0.27116212338593915;0.004807692307692308;0.0009885795860099928
"14350";0.09756097560975618;0.0;0.0009885795860099928
"17251";0.5208034433285507;0.0;0.0009885795860099928
"17403";0.3931133428981344;0.0;0.0009850107066381156
"13177";0.26255380200860845;0.0;0.0009850107066381156
"16149";0.3041606886657098;0.004807692307692308;0.0009814418272662384
"13606";0.08608321377331407;0.009615384615384616;0.0009814418272662384
"14646";0.0028694404591105283;0.3461538461538462;1.0
"13098";0.047345767575322384;0.12980769230769232;0.10305496074232691
"14680";0.09038737446197942;0.07211538461538462;0.10259814418272663
"13081";0.08608321377331407;0.04807692307692309;0.10110992148465382
"13408";0.004304160688665348;0.2932692307692308;0.10032476802284084
"13272";0.044476327116211856;0.004807692307692308;0.0009671663097787294
"15355";0.08608321377331407;0.004807692307692308;0.0009671663097787294
"16883";0.31276901004304136;0.004807692307692308;0.0009671663097787294
"17968";1.0;0.0;0.0009671663097787294
"14508";0.044476327116211856;0.004807692307692308;0.0009635974304068522
"12750";0.3974175035868006;0.0;0.0009635974304068522
"14512";0.31276901004304136;0.004807692307692308;0.000960028551034975
"16313";0.2596843615494979;0.004807692307692308;0.0009564596716630978
"16727";0.6083213773314204;0.0;0.0009528907922912206
"13917";0.4849354375896695;0.004807692307692308;0.0009493219129193434
"17254";0.3041606886657098;0.004807692307692308;0.0009493219129193434
"14819";0.26255380200860845;0.004807692307692308;0.0009493219129193434
"17011";0.1291248206599711;0.0;0.000945753033547466
"14520";0.17216642754662814;0.004807692307692308;0.000945753033547466
"15774";0.4347202295552366;0.0;0.000945753033547466
"13058";0.0;0.009615384615384616;0.000945753033547466
"13533";0.09325681492108995;0.009615384615384616;0.000945753033547466
"13837";0.0071736011477758765;0.004807692307692308;0.000945753033547466
"13242";0.09469153515064566;0.009615384615384616;0.0009421841541755888
"12558";0.43185078909612606;0.0;0.0009421841541755888
"14727";0.09756097560975618;0.0;0.0009386152748037116
"14863";0.08608321377331407;0.0;0.0009314775160599571
"17708";0.31276901004304136;0.004807692307692308;0.0009314775160599571
"17550";0.09612625538020048;0.009615384615384616;0.0009314775160599571
"17430";0.2180774748923957;0.004807692307692308;0.0009279086366880799
"12962";0.43185078909612606;0.004807692307692308;0.0009279086366880799
"15119";0.18364418938307026;0.0;0.0009279086366880799
"14423";0.31420373027259707;0.0;0.0009243397573162027
"15894";0.8278335724533719;0.004807692307692308;0.0009207708779443254
"14452";0.22094691535150623;0.004807692307692308;0.0009207708779443254
"12492";0.21951219512195141;0.004807692307692308;0.0009172019985724482
"17194";0.05308464849354344;0.004807692307692308;0.0009172019985724482
"14053";0.22238163558106105;0.004807692307692308;0.0009064953604568165
"17857";0.045911047345767564;0.10576923076923078;0.09590649536045683
"16333";0.1779053084648492;0.10096153846153848;0.09500713775874377
"18102";0.1276901004304154;0.2836538461538462;0.9266630977872948
"15577";0.047345767575322384;0.009615384615384616;0.0009029264810849393
"14375";0.22525107604017158;0.0;0.0008993576017130621
"13626";0.48780487804878003;0.0;0.0008957887223411848
"14761";0.0;0.004807692307692308;0.0008922198429693076
"13806";0.21951219512195141;0.0;0.0008922198429693076
"16048";1.0;0.004807692307692308;0.0008922198429693076
"14765";0.08608321377331407;0.009615384615384616;0.0008850820842255531
"12797";0.6513629842180775;0.0;0.0008850820842255531
"15689";0.0028694404591105283;0.004807692307692308;0.0008850820842255531
"15759";0.31420373027259707;0.009615384615384616;0.0008815132048536759
"15035";0.044476327116211856;0.0;0.0008815132048536759
"17860";0.7833572453371591;0.0;0.0008815132048536759
"13404";0.05021520803443291;0.004807692307692308;0.0008779443254817987
"13711";0.31420373027259707;0.004807692307692308;0.0008779443254817987
"13645";0.045911047345767564;0.0;0.0008779443254817987
"15346";0.05595408895265397;0.0;0.0008779443254817987
"14501";0.13629842180774698;0.004807692307692308;0.0008743754461099215
"13207";0.004304160688665348;0.004807692307692308;0.0008708065667380442
"16596";0.6958393113342893;0.004807692307692308;0.0008708065667380442
"17456";0.6513629842180775;0.0;0.0008708065667380442
"18005";0.2596843615494979;0.004807692307692308;0.0008708065667380442
"13777";0.1276901004304154;0.15384615384615385;0.09268736616702355
"16510";0.9555236728837873;0.0;0.0008636688079942898
"13592";0.09469153515064566;0.014423076923076924;0.0008636688079942898
"15097";0.3041606886657098;0.0;0.0008636688079942898
"18072";0.22525107604017158;0.0;0.0008600999286224125
"14658";0.3472022955523668;0.004807692307692308;0.0008600999286224125
"16778";0.09756097560975618;0.004807692307692308;0.0008565310492505353
"17278";0.008608321377331585;0.0;0.0008565310492505353
"16528";0.2596843615494979;0.0;0.0008493932905067809
"17892";0.22381635581061676;0.009615384615384616;0.0008493932905067809
"17925";0.9555236728837873;0.0;0.0008493932905067809
"17908";1.0;0.0;0.0008458244111349036
"17339";0.26398852223816327;0.004807692307692308;0.0008458244111349036
"13565";0.14347202295552375;0.004807692307692308;0.0008351177730192719
"17181";1.0;0.004807692307692308;0.0008351177730192719
"15690";0.3041606886657098;0.004807692307692308;0.0008351177730192719
"12561";0.098995695839311;0.0;0.0008315488936473947
"16756";0.1377331420373027;0.0;0.0008315488936473947
"13570";0.09612625538020048;0.0;0.0008315488936473947
"14586";0.18507890961262508;0.0;0.0008244111349036403
"13187";0.2754662840746054;0.0;0.000820842255531763
"15462";0.26398852223816327;0.009615384615384616;0.0008172733761598858
"15483";0.4835007173601147;0.014423076923076924;0.0008137044967880086
"14473";0.444763271162123;0.004807692307692308;0.0008137044967880086
"13348";0.26255380200860845;0.0;0.0008137044967880086
"12736";0.05595408895265397;0.0;0.0008137044967880086
"13678";0.047345767575322384;0.0;0.0008101356174161313
"16583";1.0;0.0;0.0008101356174161313
"14995";0.36011477761836463;0.004807692307692308;0.0008101356174161313
"16302";0.30989956958393083;0.0;0.0008101356174161313
"16117";0.40028694404591114;0.0;0.0008065667380442541
"15393";0.4045911047345765;0.004807692307692308;0.0008065667380442541
"18030";0.3041606886657098;0.004807692307692308;0.0008029978586723769
"16445";0.26111908177905274;0.0;0.0008029978586723769
"13786";0.7403156384505021;0.0;0.0007994289793004997
"16926";0.9153515064562416;0.0;0.0007994289793004997
"13712";0.2281205164992821;0.0;0.0007958600999286224
"14569";0.17216642754662814;0.0;0.000788722341184868
"17572";0.48063127690100416;0.014423076923076924;0.000788722341184868
"17789";0.4045911047345765;0.0;0.0007851534618129906
"14624";0.043041606886657036;0.004807692307692308;0.0007851534618129906
"16753";0.0;0.0;0.0007780157030692362
"14929";0.2180774748923957;0.0;0.0007780157030692362
"16471";0.09756097560975618;0.0;0.0007780157030692362
"13382";0.36011477761836463;0.0;0.000774446823697359
"14960";0.4763271162123388;0.004807692307692308;0.0007673090649536045
"13419";0.21951219512195141;0.0;0.0007673090649536045
"13079";0.13199426111908164;0.019230769230769232;0.0007637401855817273
"16895";0.26255380200860845;0.0;0.00076017130620985
"14570";0.36011477761836463;0.004807692307692308;0.0007566024268379728
"16634";0.4863701578192252;0.004807692307692308;0.0007566024268379728
"12897";0.05451936872309915;0.004807692307692308;0.0007530335474660956
"15554";0.22955523672883782;0.0;0.0007530335474660956
"16080";0.09756097560975618;0.004807692307692308;0.0007530335474660956
"13271";0.4332855093256809;0.0;0.0007530335474660956
"17580";0.48780487804878003;0.009615384615384616;0.0007494646680942184
"14104";0.17934002869440402;0.004807692307692308;0.0007494646680942184
"16179";0.08751793400286889;0.0;0.0007494646680942184
"17436";0.17216642754662814;0.004807692307692308;0.0007494646680942184
"16338";0.31133428981348654;0.0;0.0007458957887223411
"16411";0.8278335724533719;0.004807692307692308;0.0007458957887223411
"16519";0.6513629842180775;0.004807692307692308;0.0007458957887223411
"14241";0.13629842180774698;0.0;0.0007423269093504639
"16591";0.4347202295552366;0.0;0.0007423269093504639
"14984";0.0057388809182210565;0.004807692307692308;0.0007387580299785867
"17928";0.2281205164992821;0.004807692307692308;0.0007387580299785867
"16356";0.22955523672883782;0.009615384615384616;0.0007351891506067094
"13532";0.26111908177905274;0.0;0.000728051391862955
"12753";0.14203730272596804;0.02403846153846154;0.07645610278372592
"12744";0.3156384505021519;0.02884615384615385;0.07592077087794433
"16210";0.09469153515064566;0.08173076923076923;0.07523197715917203
"16953";0.1291248206599711;0.0;5.3533190578158456e-05
"17855";0.9555236728837873;0.0;0.0007244825124910778
"17514";0.3974175035868006;0.0;0.0007244825124910778
"12547";0.36011477761836463;0.004807692307692308;0.0007209136331192005
"16457";0.31420373027259707;0.0;0.0007209136331192005
"16866";0.09182209469153513;0.009615384615384616;0.0007209136331192005
"16752";0.9555236728837873;0.0;0.0007209136331192005
"16914";0.3931133428981344;0.0;0.0007209136331192005
"17923";0.444763271162123;0.0;0.0007209136331192005
"18126";0.08751793400286889;0.0;0.0007173447537473233
"13099";0.48063127690100416;0.0;0.0007173447537473233
"17166";0.47776183644189363;0.004807692307692308;0.0007137758743754461
"13065";1.0;0.0;0.0007137758743754461
"14964";0.27116212338593915;0.0;0.0007137758743754461
"15319";0.48923959827833574;0.0;0.0007102069950035688
"15307";0.308464849354376;0.0;0.0007102069950035688
"13513";0.30989956958393083;0.0;0.0007102069950035688
"17843";0.14203730272596804;0.0;0.0007102069950035688
"17394";0.3572453371592541;0.0;0.0007066381156316916
"13017";0.43185078909612606;0.0;0.0007066381156316916
"18273";0.2166427546628409;0.009615384615384616;0.0007066381156316916
"17889";0.05021520803443291;0.004807692307692308;0.0007066381156316916
"18169";0.08751793400286889;0.0;0.0007030692362598144
"17376";0.49067431850789056;0.004807692307692308;0.0007030692362598144
"15723";0.6083213773314204;0.0;0.0007030692362598144
"15347";0.6958393113342893;0.0;0.0006995003568879372
"17988";0.4835007173601147;0.02884615384615385;0.0006959314775160599
"13723";0.2697274031563843;0.0;0.0006923625981441827
"13980";0.08751793400286889;0.0;0.0006923625981441827
"17675";0.004304160688665348;0.14423076923076922;0.07269093504639544
"17381";0.0028694404591105283;0.1346153846153846;0.07234118486795146
"17659";0.043041606886657036;0.05288461538461539;0.010681655960028551
"17504";0.2697274031563843;0.038461538461538464;0.010674518201284797
"14307";0.00143472022955482;0.02403846153846154;0.010670949321912919
"12670";0.08608321377331407;0.019230769230769232;0.010670949321912919
"15687";0.2682926829268286;0.038461538461538464;0.010660242683797288
"14639";0.045911047345767564;0.02403846153846154;0.010628122769450393
"13451";0.0071736011477758765;0.019230769230769232;0.010599571734475375
"14032";0.008608321377331585;0.04807692307692309;0.010599571734475375
"15854";0.3041606886657098;0.05288461538461539;0.010596002855103499
"16497";0.10043041606886671;0.02403846153846154;0.010563882940756603
"17924";0.05451936872309915;0.02884615384615385;0.01055317630264097
"14868";0.045911047345767564;0.03365384615384616;0.010521056388294077
"17084";0.3486370157819225;0.004807692307692308;0.010506780870806568
"17444";0.047345767575322384;0.009615384615384616;0.010471092077087794
"16316";0.14060258249641322;0.03365384615384616;0.010467523197715918
"14530";0.22094691535150623;0.02403846153846154;0.010421127765881513
"17512";0.04160688665710133;0.04326923076923077;0.010417558886509637
"15606";0.0028694404591105283;0.038461538461538464;0.01039971448965025
"14112";0.14060258249641322;0.02884615384615385;0.010381870092790863
"17644";0.045911047345767564;0.04807692307692309;0.010314061384725197
"12408";0.2180774748923957;0.019230769230769232;0.010289079229122056
"18144";0.05021520803443291;0.05288461538461539;0.010289079229122056
"16633";0.0057388809182210565;0.02403846153846154;0.010267665952890793
"15673";0.00143472022955482;0.014423076923076924;0.010260528194147038
"14251";0.17216642754662814;0.019230769230769232;0.01025695931477516
"17728";0.2596843615494979;0.009615384615384616;0.010242683797287652
"14005";0.18220946915351455;0.019230769230769232;0.010239114917915775
"15628";0.09325681492108995;0.038461538461538464;0.010221270521056388
"14711";0.13199426111908164;0.04807692307692309;0.010217701641684512
"13901";0.3543758967001436;0.019230769230769232;0.010210563882940758
"14535";0.08751793400286889;0.009615384615384616;0.010199857244825125
"12685";0.04160688665710133;0.02403846153846154;0.010196288365453249
"16928";0.045911047345767564;0.07692307692307693;0.01014275517487509
"15984";0.2166427546628409;0.04326923076923077;0.010107066381156318
"14852";0.0;0.02403846153846154;0.01010349750178444
"14572";0.2596843615494979;0.02884615384615385;0.010089221984296931
"17596";0.21951219512195141;0.02884615384615385;0.010071377587437544
"14842";0.308464849354376;0.014423076923076924;0.010060670949321913
"13174";0.8278335724533719;0.009615384615384616;0.010032119914346896
"16871";0.044476327116211856;0.02403846153846154;0.010014275517487509
"14903";0.22238163558106105;0.019230769230769232;0.010010706638115633
"12356";0.18364418938307026;0.009615384615384616;0.010010706638115633
"18230";0.08608321377331407;0.02884615384615385;0.010007137758743755
"13230";0.08608321377331407;0.06250000000000001;0.009996431120628124
"16081";0.22525107604017158;0.019230769230769232;0.009996431120628124
"16764";0.17360114777618385;0.057692307692307696;0.009967880085653105
"15993";0.26111908177905274;0.02884615384615385;0.009964311206281228
"13769";0.13342898134863646;0.04326923076923077;0.00996074232690935
"12758";0.18507890961262508;0.004807692307692308;0.009942897930049965
"17739";0.10043041606886671;0.02884615384615385;0.009939329050678087
"14626";0.13342898134863646;0.014423076923076924;0.009939329050678087
"17213";0.6958393113342893;0.02884615384615385;0.009903640256959315
"12388";0.14060258249641322;0.02403846153846154;0.009903640256959315
"14121";0.043041606886657036;0.014423076923076924;0.009900071377587439
"17838";0.044476327116211856;0.019230769230769232;0.00989650249821556
"13870";0.2166427546628409;0.03365384615384616;0.009867951463240543
"15356";0.17360114777618385;0.04326923076923077;0.009853675945753034
"15114";0.05451936872309915;0.04326923076923077;0.009832262669521771
"14854";0.09756097560975618;0.02884615384615385;0.009828693790149893
"13971";0.043041606886657036;0.03365384615384616;0.009821556031406138
"12669";0.004304160688665348;0.009615384615384616;0.009771591720199858
"14808";0.09182209469153513;0.03365384615384616;0.009760885082084225
"14125";0.04160688665710133;0.009615384615384616;0.009757316202712349
"16938";0.0057388809182210565;0.014423076923076924;0.00974304068522484
"15696";0.26111908177905274;0.03365384615384616;0.00974304068522484
"16003";0.08608321377331407;0.019230769230769232;0.009739471805852962
"12840";0.09325681492108995;0.014423076923076924;0.009710920770877944
"12380";0.22525107604017158;0.014423076923076924;0.00970378301213419
"12708";0.08608321377331407;0.04326923076923077;0.009660956459671664
"15796";0.098995695839311;0.03365384615384616;0.009657387580299786
"17069";0.04160688665710133;0.038461538461538464;0.009650249821556031
"13285";0.4835007173601147;0.014423076923076924;0.009646680942184155
"13654";0.05164992826398862;0.02403846153846154;0.0096395431834404
"14107";0.35150645624103305;0.02884615384615385;0.009625267665952892
"14732";0.00143472022955482;0.03365384615384616;0.009621698786581014
"18097";0.30989956958393083;0.02403846153846154;0.009607423269093505
"17386";0.43185078909612606;0.02403846153846154;0.009564596716630978
"12625";0.0071736011477758765;0.004807692307692308;0.009557458957887224
"17346";0.0;0.06730769230769232;0.009532476802284083
"13883";0.31420373027259707;0.019230769230769232;0.009521770164168452
"14713";0.08608321377331407;0.04807692307692309;0.009493219129193434
"15671";0.05164992826398862;0.02884615384615385;0.009461099214846539
"12721";0.13629842180774698;0.02403846153846154;0.00945753033547466
"13851";0.308464849354376;0.009615384615384616;0.009439685938615276
"16618";0.17360114777618385;0.019230769230769232;0.009428979300499643
"18260";0.14347202295552375;0.02403846153846154;0.009411134903640258
"17655";0.18651362984218078;0.02884615384615385;0.009396859386152749
"15752";0.22094691535150623;0.02884615384615385;0.009389721627408993
"13804";0.1291248206599711;0.02884615384615385;0.009386152748037117
"12520";0.05308464849354344;0.019230769230769232;0.009379014989293362
"17402";0.1291248206599711;0.057692307692307696;0.009379014989293362
"13771";0.26255380200860845;0.014423076923076924;0.009379014989293362
"18077";0.045911047345767564;0.04807692307692309;0.009375446109921484
"13422";0.26255380200860845;0.0;0.009350463954318345
"17965";0.012912482065996933;0.06250000000000001;0.009339757316202712
"18210";0.08608321377331407;0.02403846153846154;0.009332619557458958
"16255";0.2281205164992821;0.03365384615384616;0.009329050678087081
"14262";0.08608321377331407;0.03365384615384616;0.009321912919343327
"13021";0.18220946915351455;0.038461538461538464;0.009314775160599573
"15782";0.044476327116211856;0.009615384615384616;0.009311206281227695
"14397";0.0057388809182210565;0.08653846153846155;0.00930406852248394
"12836";0.043041606886657036;0.014423076923076924;0.00930406852248394
"18075";0.043041606886657036;0.04326923076923077;0.009300499643112064
"12726";0.04160688665710133;0.02884615384615385;0.009289793004996431
"16241";0.0;0.057692307692307696;0.009286224125624553
"13136";0.05021520803443291;0.019230769230769232;0.009286224125624553
"14408";0.26398852223816327;0.02884615384615385;0.009282655246252677
"13983";0.0;0.05288461538461539;0.009268379728765168
"17317";0.044476327116211856;0.009615384615384616;0.009257673090649536
"12600";0.04160688665710133;0.04326923076923077;0.00925410421127766
"16919";0.008608321377331585;0.04807692307692309;0.009243397573162027
"13895";0.04160688665710133;0.014423076923076924;0.009232690935046396
"14243";0.18364418938307026;0.04326923076923077;0.009218415417558887
"15033";0.1779053084648492;0.04326923076923077;0.009211277658815133
"13911";0.18220946915351455;0.038461538461538464;0.009189864382583868
"14546";0.3156384505021519;0.019230769230769232;0.009179157744468237
"15485";0.1291248206599711;0.009615384615384616;0.009168451106352605
"16912";0.04160688665710133;0.04807692307692309;0.009168451106352605
"18245";0.0071736011477758765;0.02884615384615385;0.009139900071377587
"16308";0.2697274031563843;0.014423076923076924;0.009114917915774448
"15572";0.27259684361549485;0.02884615384615385;0.009089935760171306
"14334";0.09756097560975618;0.03365384615384616;0.009086366880799428
"14701";0.27116212338593915;0.038461538461538464;0.009075660242683798
"14676";0.17360114777618385;0.02403846153846154;0.00907209136331192
"13344";0.22955523672883782;0.009615384615384616;0.00905781584582441
"14776";0.31420373027259707;0.04807692307692309;0.009036402569593148
"17700";0.09469153515064566;0.014423076923076924;0.009025695931477517
"13471";0.17216642754662814;0.014423076923076924;0.009014989293361884
"14659";0.2697274031563843;0.038461538461538464;0.00900785153461813
"17314";0.0;0.03365384615384616;0.009000713775874376
"13975";0.17360114777618385;0.02403846153846154;0.008993576017130621
"17449";0.2166427546628409;0.02884615384615385;0.008975731620271234
"13394";0.047345767575322384;0.03365384615384616;0.008972162740899358
"15245";0.31276901004304136;0.009615384615384616;0.00895788722341185
"15271";0.0057388809182210565;0.06730769230769232;0.008925767309064954
"12352";0.3931133428981344;0.03365384615384616;0.008922198429693077
"13695";0.0028694404591105283;0.06730769230769232;0.008915060670949323
"12517";0.04160688665710133;0.019230769230769232;0.008911491791577445
"15932";0.00143472022955482;0.03365384615384616;0.008886509635974304
"16477";0.09756097560975618;0.02884615384615385;0.008879371877230549
"12483";0.05021520803443291;0.03365384615384616;0.008847251962883655
"12913";0.05451936872309915;0.019230769230769232;0.008843683083511777
"16710";0.09469153515064566;0.04326923076923077;0.0088401142041399
"14315";0.17934002869440402;0.02403846153846154;0.008832976445396146
"13588";0.04160688665710133;0.038461538461538464;0.008825838686652392
"13507";0.2596843615494979;0.014423076923076924;0.008825838686652392
"17682";0.27116212338593915;0.02403846153846154;0.008807994289793005
"17188";0.08608321377331407;0.02884615384615385;0.008807994289793005
"14766";0.09469153515064566;0.02403846153846154;0.008804425410421129
"14502";0.26111908177905274;0.04807692307692309;0.008797287651677374
"17164";0.047345767575322384;0.02884615384615385;0.008783012134189864
"12455";0.2668579626972738;0.02403846153846154;0.008783012134189864
"15750";0.2166427546628409;0.03365384615384616;0.00877587437544611
"13784";0.05595408895265397;0.04807692307692309;0.008768736616702355
"17131";0.26111908177905274;0.019230769230769232;0.008768736616702355
"15674";0.09469153515064566;0.019230769230769232;0.00871163454675232
"14163";0.09182209469153513;0.014423076923076924;0.008708065667380444
"15527";0.044476327116211856;0.03365384615384616;0.008650963597430407
"17071";0.00143472022955482;0.038461538461538464;0.00864739471805853
"13949";0.2166427546628409;0.02403846153846154;0.008640256959314776
"16143";0.05021520803443291;0.02403846153846154;0.008633119200571021
"17722";0.35150645624103305;0.014423076923076924;0.008629550321199143
"15089";0.26398852223816327;0.02403846153846154;0.008618843683083513
"15373";0.4763271162123388;0.05288461538461539;0.008600999286224126
"12397";0.3486370157819225;0.004807692307692308;0.008579586009992863
"17589";0.047345767575322384;0.014423076923076924;0.0085581727337616
"15980";0.00143472022955482;0.009615384615384616;0.008540328336902213
"18065";0.13629842180774698;0.06250000000000001;0.00851891506067095
"13141";0.1377331420373027;0.019230769230769232;0.00850463954318344
"15370";0.043041606886657036;0.02884615384615385;0.00849393290506781
"17530";0.17216642754662814;0.04326923076923077;0.008490364025695932
"14493";0.1291248206599711;0.019230769230769232;0.008483226266952177
"14239";0.2281205164992821;0.04807692307692309;0.008476088508208423
"15270";0.05451936872309915;0.02884615384615385;0.008468950749464669
"13722";0.444763271162123;0.009615384615384616;0.00845467523197716
"17434";0.2166427546628409;0.02884615384615385;0.008451106352605282
"14930";0.09756097560975618;0.009615384615384616;0.008447537473233405
"13908";0.1377331420373027;0.014423076923076924;0.008436830835117773
"15755";0.00143472022955482;0.02403846153846154;0.00841541755888651
"12457";0.35007173601147734;0.02884615384615385;0.008411848679514633
"17634";0.05021520803443291;0.038461538461538464;0.008408279800142755
"14030";0.044476327116211856;0.03365384615384616;0.008401142041399001
"14440";0.4763271162123388;0.019230769230769232;0.008394004282655246
"14309";0.04160688665710133;0.038461538461538464;0.00837615988579586
"12704";0.3486370157819225;0.03365384615384616;0.008333333333333333
"18259";0.6958393113342893;0.009615384615384616;0.008326195574589579
"18257";0.3945480631276901;0.03365384615384616;0.008322626695217702
"12584";0.22525107604017158;0.038461538461538464;0.008322626695217702
"17954";0.1779053084648492;0.05288461538461539;0.008304782298358316
"15281";0.0;0.038461538461538464;0.00830121341898644
"12782";0.3041606886657098;0.019230769230769232;0.008297644539614561
"17313";0.17360114777618385;0.0;0.008290506780870807
"15785";0.2180774748923957;0.019230769230769232;0.008290506780870807
"17744";0.2596843615494979;0.02403846153846154;0.008265524625267666
"17211";0.0057388809182210565;0.03365384615384616;0.00824768022840828
"14290";0.3945480631276901;0.019230769230769232;0.008240542469664526
"15365";0.35150645624103305;0.02884615384615385;0.008236973590292648
"13994";0.2596843615494979;0.02403846153846154;0.008233404710920772
"13704";0.0;0.038461538461538464;0.008215560314061385
"15288";0.22381635581061676;0.019230769230769232;0.008211991434689508
"16735";0.14347202295552375;0.019230769230769232;0.008190578158458245
"15105";0.3945480631276901;0.02884615384615385;0.008183440399714489
"16550";0.22525107604017158;0.019230769230769232;0.008183440399714489
"13115";0.0;0.014423076923076924;0.00816916488222698
"15704";0.18220946915351455;0.014423076923076924;0.008165596002855104
"12615";0.2166427546628409;0.014423076923076924;0.008154889364739471
"13527";0.044476327116211856;0.02884615384615385;0.00814418272662384
"17696";0.22381635581061676;0.03365384615384616;0.008137044967880086
"12684";0.09469153515064566;0.02884615384615385;0.008129907209136332
"16782";0.22955523672883782;0.057692307692307696;0.008115631691648823
"13317";0.35007173601147734;0.02403846153846154;0.00809421841541756
"17768";0.26111908177905274;0.009615384615384616;0.008090649536045682
"14466";0.08608321377331407;0.02884615384615385;0.008087080656673804
"13700";0.008608321377331585;0.04326923076923077;0.008062098501070664
"16057";0.0071736011477758765;0.02884615384615385;0.00805496074232691
"16209";0.00143472022955482;0.019230769230769232;0.00805496074232691
"14432";0.044476327116211856;0.02403846153846154;0.008029978586723769
"16293";0.13199426111908164;0.04326923076923077;0.008004996431120629
"17442";0.09038737446197942;0.02403846153846154;0.008004996431120629
"15235";0.2281205164992821;0.05288461538461539;0.008001427551748751
"16771";0.14060258249641322;0.019230769230769232;0.007997858672376875
"15665";0.09612625538020048;0.004807692307692308;0.007980014275517488
"14211";0.35150645624103305;0.038461538461538464;0.00797644539614561
"14560";0.08608321377331407;0.10096153846153848;0.007965738758029979
"16743";0.0071736011477758765;0.02884615384615385;0.007965738758029979
"14700";0.2180774748923957;0.009615384615384616;0.007955032119914347
"16076";0.043041606886657036;0.04326923076923077;0.007955032119914347
"15834";0.22955523672883782;0.014423076923076924;0.00795146324054247
"14226";0.04160688665710133;0.019230769230769232;0.007944325481798716
"18242";0.09469153515064566;0.014423076923076924;0.007944325481798716
"14825";0.044476327116211856;0.05288461538461539;0.007926481084939329
"17591";0.13342898134863646;0.02884615384615385;0.007922912205567453
"12783";0.2166427546628409;0.02403846153846154;0.007922912205567453
"13365";0.26111908177905274;0.004807692307692308;0.007919343326195575
"15722";0.31276901004304136;0.019230769230769232;0.00791220556745182
"15811";0.6513629842180775;0.02403846153846154;0.007897930049964311
"13862";0.05595408895265397;0.03365384615384616;0.00786224125624554
"15179";0.48780487804878003;0.019230769230769232;0.007855103497501785
"15797";0.1377331420373027;0.014423076923076924;0.007855103497501785
"13831";0.31420373027259707;0.02403846153846154;0.007840827980014276
"17406";0.10043041606886671;0.009615384615384616;0.007830121341898644
"15123";0.43185078909612606;0.004807692307692308;0.007826552462526767
"16628";0.08608321377331407;0.019230769230769232;0.007787294789436117
"14341";0.18220946915351455;0.03365384615384616;0.007765881513204854
"12856";0.04160688665710133;0.02403846153846154;0.0077587437544611
"12501";0.23242467718794835;0.0;0.00771948608137045
"12633";0.0;0.014423076923076924;0.007701641684511064
"12935";0.2166427546628409;0.02884615384615385;0.007690935046395432
"13755";0.21951219512195141;0.038461538461538464;0.007690935046395432
"16456";0.2740315638450497;0.019230769230769232;0.0076802284082798005
"14407";0.18507890961262508;0.02403846153846154;0.0076802284082798005
"16379";0.3041606886657098;0.014423076923076924;0.007676659528907923
"13224";0.047345767575322384;0.004807692307692308;0.007673090649536046
"16966";0.4763271162123388;0.02884615384615385;0.007669521770164169
"14828";0.23242467718794835;0.009615384615384616;0.00761598857958601
"12560";0.3472022955523668;0.009615384615384616;0.007594575303354747
"17400";0.30989956958393083;0.019230769230769232;0.007580299785867238
"13517";0.043041606886657036;0.009615384615384616;0.007573162027123484
"14360";0.17360114777618385;0.014423076923076924;0.007573162027123484
"16407";0.05164992826398862;0.04326923076923077;0.007569593147751606
"15058";0.09612625538020048;0.04807692307692309;0.007562455389007852
"14640";0.043041606886657036;0.02403846153846154;0.007562455389007852
"13632";0.09612625538020048;0.019230769230769232;0.007548179871520343
"18061";0.047345767575322384;0.04326923076923077;0.007541042112776589
"18008";0.05164992826398862;0.038461538461538464;0.007530335474660956
"14691";0.05021520803443291;0.019230769230769232;0.007523197715917202
"13265";0.00143472022955482;0.019230769230769232;0.007501784439685939
"18173";0.09756097560975618;0.014423076923076924;0.0074982155603140616
"18093";0.045911047345767564;0.014423076923076924;0.0074982155603140616
"14515";0.31420373027259707;0.02403846153846154;0.0074803711634546756
"15815";0.05021520803443291;0.019230769230769232;0.007476802284082798
"17861";0.08608321377331407;0.03365384615384616;0.007476802284082798
"13126";0.09756097560975618;0.03365384615384616;0.007473233404710921
"12610";0.30989956958393083;0.019230769230769232;0.007473233404710921
"16875";0.3629842180774743;0.019230769230769232;0.007458957887223412
"17191";0.04160688665710133;0.02884615384615385;0.007455389007851535
"18283";0.08608321377331407;0.07211538461538462;0.007455389007851535
"13571";0.1764705882352935;0.05288461538461539;0.0074446823697359036
"17490";0.1276901004304154;0.02884615384615385;0.0074446823697359036
"13297";0.3945480631276901;0.014423076923076924;0.007437544610992148
"18044";0.3041606886657098;0.04326923076923077;0.007433975731620271
"14810";0.14347202295552375;0.04807692307692309;0.007430406852248394
"16954";0.08751793400286889;0.038461538461538464;0.007419700214132762
"14696";0.0028694404591105283;0.02884615384615385;0.007398286937901499
"14209";0.05595408895265397;0.02403846153846154;0.007376873661670236
"18241";0.043041606886657036;0.07692307692307693;0.007376873661670236
"18219";0.1377331420373027;0.04326923076923077;0.007366167023554604
"14482";0.1291248206599711;0.02403846153846154;0.00735902926481085
"12948";0.043041606886657036;0.02884615384615385;0.007348322626695218
"12928";0.008608321377331585;0.019230769230769232;0.007341184867951464
"14409";0.13342898134863646;0.02403846153846154;0.007326909350463954
"12518";0.0;0.019230769230769232;0.0073197715917202
"17667";0.0071736011477758765;0.019230769230769232;0.007316202712348323
"14188";0.1291248206599711;0.02403846153846154;0.007309064953604568
"16150";0.00143472022955482;0.019230769230769232;0.007305496074232691
"17086";0.1291248206599711;0.02403846153846154;0.0072947894361170594
"17612";0.1377331420373027;0.02403846153846154;0.007287651677373305
"14232";0.2682926829268286;0.019230769230769232;0.007287651677373305
"13495";0.3486370157819225;0.019230769230769232;0.0072769450392576734
"17597";0.09469153515064566;0.0;0.007273376159885796
"17090";0.00143472022955482;0.02884615384615385;0.007273376159885796
"13450";0.044476327116211856;0.02403846153846154;0.007273376159885796
"14001";1.0;0.009615384615384616;0.007269807280513919
"13593";0.23242467718794835;0.019230769230769232;0.007248394004282656
"18069";0.00143472022955482;0.019230769230769232;0.007248394004282656
"13630";0.18077474892395973;0.02884615384615385;0.007230549607423269
"16409";0.004304160688665348;0.019230769230769232;0.007219842969307637
"17337";0.0071736011477758765;0.014423076923076924;0.00721627408993576
"16358";0.17216642754662814;0.014423076923076924;0.00721627408993576
"14506";0.35007173601147734;0.019230769230769232;0.007159172019985725
"15531";0.1291248206599711;0.004807692307692308;0.007141327623126339
"16098";0.22525107604017158;0.02884615384615385;0.007137758743754462
"14730";0.17216642754662814;0.03365384615384616;0.007134189864382584
"14217";0.05595408895265397;0.07692307692307693;0.007134189864382584
"17082";0.26111908177905274;0.004807692307692308;0.0071306209850107065
"14462";0.045911047345767564;0.04807692307692309;0.0071306209850107065
"15493";0.2180774748923957;0.019230769230769232;0.007123483226266952
"16754";0.9555236728837873;0.0;0.007123483226266952
"13305";0.05308464849354344;0.04326923076923077;0.007119914346895075
"17987";0.22525107604017158;0.0;0.0006887937187723055
"16832";0.18077474892395973;0.009615384615384616;0.0006887937187723055
"17383";0.3041606886657098;0.0;0.0006887937187723055
"14185";0.012912482065996933;0.0;0.0006852248394004282
"12450";0.2668579626972738;0.004807692307692308;0.0006852248394004282
"14789";0.04160688665710133;0.0;0.0006852248394004282
"15234";0.18507890961262508;0.0;0.000681655960028551
"13436";0.17216642754662814;0.0;0.000681655960028551
"16829";0.2668579626972738;0.0;0.000681655960028551
"16112";0.10043041606886671;0.014423076923076924;0.0006780870806566738
"13792";0.35007173601147734;0.004807692307692308;0.0006780870806566738
"16887";0.3486370157819225;0.0;0.0006745182012847966
"15612";0.13055954088952593;0.004807692307692308;0.0006745182012847966
"17450";0.004304160688665348;0.21634615384615385;0.6943076374018557
"15198";0.1764705882352935;0.004807692307692308;0.0006709493219129193
"14087";0.2166427546628409;0.0;0.0006709493219129193
"14768";0.35294117647058787;0.004807692307692308;0.0006673804425410421
"12791";1.0;0.0;0.0006673804425410421
"17608";0.26111908177905274;0.004807692307692308;0.0006673804425410421
"14801";0.13055954088952593;0.0;0.0006673804425410421
"17233";0.3486370157819225;0.0;0.0006602426837972876
"15692";0.04160688665710133;0.0;0.0006602426837972876
"15039";0.10043041606886671;0.22115384615384615;0.07104925053533191
"12471";0.2166427546628409;0.13942307692307693;0.07072805139186296
"14697";0.31420373027259707;0.004807692307692308;0.0006531049250535332
"12893";0.1291248206599711;0.0;0.000649536045681656
"17781";0.39885222381635543;0.004807692307692308;0.000649536045681656
"18013";0.22381635581061676;0.004807692307692308;0.0006459671663097787
"13672";0.05451936872309915;0.004807692307692308;0.0006423982869379015
"17574";0.05164992826398862;0.0;0.0006423982869379015
"17440";0.2668579626972738;0.009615384615384616;0.0006423982869379015
"14199";0.31420373027259707;0.0;0.0006388294075660243
"14326";0.05164992826398862;0.0;0.000635260528194147
"16433";0.04160688665710133;0.0;0.000635260528194147
"15124";0.4849354375896695;0.004807692307692308;0.000635260528194147
"13460";0.08608321377331407;0.004807692307692308;0.0006316916488222698
"13059";0.3586800573888089;0.0;0.0006316916488222698
"14082";0.6083213773314204;0.0;0.0006281227694503926
"16835";0.3974175035868006;0.004807692307692308;0.0006245538900785154
"15945";0.6513629842180775;0.0;0.0006245538900785154
"15886";0.08751793400286889;0.0;0.0006245538900785154
"18119";0.7403156384505021;0.0;0.0006245538900785154
"18280";0.22955523672883782;0.0;0.0006245538900785154
"13710";0.17360114777618385;0.0;0.0006209850107066381
"12731";0.05021520803443291;0.05288461538461539;0.06741613133476089
"15159";0.044476327116211856;0.13942307692307693;0.0665060670949322
"16620";0.2596843615494979;0.004807692307692308;0.0006174161313347609
"15454";0.5208034433285507;0.0;0.0006174161313347609
"15139";0.23242467718794835;0.004807692307692308;0.0006174161313347609
"16990";0.31420373027259707;0.0;0.0006174161313347609
"18282";0.30989956958393083;0.004807692307692308;0.0006138472519628837
"17356";0.49067431850789056;0.0;0.0006138472519628837
"14287";0.4763271162123388;0.009615384615384616;0.0006102783725910063
"12923";0.26255380200860845;0.0;0.0006102783725910063
"17947";0.4332855093256809;0.0;0.0006102783725910063
"18274";0.1291248206599711;0.0;0.0006067094932191291
"17331";0.1779053084648492;0.0;0.000603140613847252
"16144";0.2281205164992821;0.0;0.000603140613847252
"14798";0.4461979913916787;0.009615384615384616;0.0005995717344753747
"14518";0.26255380200860845;0.0;0.0005995717344753747
"13560";0.43185078909612606;0.0;0.0005995717344753747
"14355";0.6513629842180775;0.0;0.0005995717344753747
"16861";0.043041606886657036;0.004807692307692308;0.0005995717344753747
"12441";0.6958393113342893;0.0;0.0005995717344753747
"16565";0.6083213773314204;0.0;0.0005995717344753747
"12442";0.2596843615494979;0.0;0.0005924339757316202
"13690";0.043041606886657036;0.0;0.0005924339757316202
"13962";0.18364418938307026;0.004807692307692308;0.0005852962169878657
"16921";0.13055954088952593;0.0;0.0005852962169878657
"12901";0.05021520803443291;0.12980769230769232;0.06298715203426125
"12678";0.31276901004304136;0.05288461538461539;0.06289079229122056
"14031";0.2754662840746054;0.08653846153846155;0.06167380442541042
"17428";0.008608321377331585;0.12980769230769232;0.0615667380442541
"13767";0.047345767575322384;0.17307692307692307;0.061434689507494644
"13881";0.05164992826398862;0.09134615384615385;0.06122055674518201
"12367";0.3041606886657098;0.0;0.0005817273376159885
"14578";0.2596843615494979;0.0;0.0005817273376159885
"18004";0.5208034433285507;0.0;0.0005817273376159885
"18269";0.6958393113342893;0.0;0.0005817273376159885
"16446";0.1276901004304154;0.004807692307692308;0.6012384011420414
"16282";0.3629842180774743;0.0;0.0005781584582441113
"15986";0.1291248206599711;0.0;0.0005781584582441113
"15920";0.17934002869440402;0.014423076923076924;0.0005781584582441113
"15374";0.3974175035868006;0.0;0.0005781584582441113
"17737";0.0;0.004807692307692308;0.0005781584582441113
"18099";0.35294117647058787;0.0;0.0005781584582441113
"18088";0.13055954088952593;0.0;0.0005781584582441113
"16405";0.098995695839311;0.004807692307692308;0.0005745895788722341
"14485";0.47776183644189363;0.0;0.0005710206995003568
"12817";0.4045911047345765;0.0;0.0005710206995003568
"18014";0.04160688665710133;0.0;0.0005710206995003568
"15904";0.4763271162123388;0.0;0.0005674518201284796
"13470";0.48063127690100416;0.004807692307692308;0.0005674518201284796
"14552";0.047345767575322384;0.0;0.0005674518201284796
"17535";0.36011477761836463;0.0;0.0005638829407566024
"14354";0.1291248206599711;0.004807692307692308;0.0005638829407566024
"16517";0.22955523672883782;0.0;0.0005603140613847251
"15733";0.444763271162123;0.0;0.0005567451820128479
"16113";0.13629842180774698;0.0;0.0005531763026409707
"15852";0.2682926829268286;0.004807692307692308;0.0005531763026409707
"14204";0.2166427546628409;0.0;0.0005531763026409707
"14237";1.0;0.0;0.0005531763026409707
"18146";0.40172166427546596;0.004807692307692308;0.0005496074232690935
"18203";0.31133428981348654;0.0;0.0005496074232690935
"16839";0.00143472022955482;0.15865384615384615;0.0592005710206995
"12921";0.05021520803443291;0.17307692307692307;0.05917558886509636
"14607";0.3931133428981344;0.06250000000000001;0.059114917915774445
"15856";0.047345767575322384;0.125;0.05846538187009279
"17677";0.04160688665710133;0.13942307692307693;0.05837615988579586
"15189";0.008608321377331585;0.19230769230769232;0.0578836545324768
"17128";0.14347202295552375;0.0;0.0005389007851534618
"15007";0.39885222381635543;0.0;0.0005389007851534618
"14406";0.0028694404591105283;0.0;0.0005389007851534618
"17899";0.39885222381635543;0.0;0.0005353319057815845
"17026";0.22525107604017158;0.004807692307692308;0.0005317630264097073
"13809";0.23098995695839264;0.0;0.0005317630264097073
"14813";0.8278335724533719;0.004807692307692308;0.0005317630264097073
"12738";0.9555236728837873;0.0;0.0005317630264097073
"15226";0.4461979913916787;0.0;0.0005281941470378301
"16351";0.05595408895265397;0.0;0.0005281941470378301
"17517";0.36154949784791945;0.0;0.0005281941470378301
"16248";0.13055954088952593;0.0;0.0005246252676659529
"12602";0.0;0.0;0.0005246252676659529
"14039";0.26111908177905274;0.0;0.0005210563882940756
"17707";0.22525107604017158;0.004807692307692308;0.0005210563882940756
"13462";0.48780487804878003;0.0;0.0005210563882940756
"14208";0.26398852223816327;0.0;0.0005210563882940756
"16337";0.3931133428981344;0.0;0.0005174875089221984
"13697";0.47776183644189363;0.0;0.0005174875089221984
"14073";0.2180774748923957;0.0;0.0005174875089221984
"15869";0.22955523672883782;0.004807692307692308;0.0005139186295503212
"17234";0.09325681492108995;0.0;0.0005139186295503212
"14051";0.043041606886657036;0.10576923076923078;0.055688793718772306
"13307";0.045911047345767564;0.0;3.211991434689507e-05
"15823";0.9555236728837873;0.0;3.211991434689507e-05
"13003";0.047345767575322384;0.009615384615384616;0.0005103497501784439
"17859";0.18651362984218078;0.0;0.0005067808708065667
"15526";0.26111908177905274;0.004807692307692308;0.0005067808708065667
"14968";0.1291248206599711;0.0;0.0005067808708065667
"17030";0.21951219512195141;0.0;0.0005032119914346895
"14037";0.6083213773314204;0.004807692307692308;0.0005032119914346895
"15503";0.5208034433285507;0.0;0.0005032119914346895
"14098";0.3931133428981344;0.0;0.0005032119914346895
"16893";0.6958393113342893;0.0;0.0004996431120628123
"15937";0.26255380200860845;0.0;0.000496074232690935
"17186";0.08751793400286889;0.004807692307692308;0.0004925053533190578
"12587";0.43185078909612606;0.0;0.0004925053533190578
"14911";0.0;0.9615384615384616;0.5132726623840114
"17578";0.31420373027259707;0.0;0.0004889364739471806
"13584";0.2740315638450497;0.0;0.00048536759457530333
"13561";0.18220946915351455;0.0;0.00048536759457530333
"13483";0.3070301291248203;0.0;0.00047822983583154893
"15513";0.0071736011477758765;0.08653846153846155;0.05264810849393291
"16133";0.04160688665710133;0.15384615384615385;0.052044967880085655
"14866";0.043041606886657036;0.05288461538461539;0.051334760885082084
"16705";0.008608321377331585;0.09134615384615385;0.05006780870806567
"18209";0.04160688665710133;0.0;0.00047466095645967173
"12512";0.35007173601147734;0.004807692307692308;0.0004710920770877944
"17122";0.0028694404591105283;0.0;0.0004710920770877944
"14483";0.4045911047345765;0.0;0.0004675231977159172
"14247";0.27259684361549485;0.0;0.0004675231977159172
"15691";0.48780487804878003;0.0;0.0004675231977159172
"16462";0.22525107604017158;0.009615384615384616;0.00046395431834404
"14889";0.23242467718794835;0.0;0.00046395431834404
"17972";0.008608321377331585;0.0;0.00046395431834404
"14340";0.31420373027259707;0.0;0.00046038543897216277
"16665";0.5208034433285507;0.0;0.00046038543897216277
"12851";0.35150645624103305;0.0;0.00046038543897216277
"16055";0.40172166427546596;0.0;0.00046038543897216277
"15276";0.35007173601147734;0.0;0.00046038543897216277
"16424";0.4849354375896695;0.0;0.0004568165596002855
"14174";0.26111908177905274;0.0;0.0004568165596002855
"15709";0.48923959827833574;0.0;0.0004532476802284083
"17647";0.3070301291248203;0.0;0.0004532476802284083
"17881";0.18651362984218078;0.0;0.0004532476802284083
"14438";0.2740315638450497;0.0;0.00044967880085653106
"16679";0.6958393113342893;0.0;0.0004425410421127766
"12681";0.047345767575322384;0.10096153846153848;0.04918629550321199
"12621";0.0071736011477758765;0.09134615384615385;0.04883654532476802
"12540";0.05595408895265397;0.07692307692307693;0.04780157030692363
"12433";0.1276901004304154;0.02884615384615385;0.047715917201998574
"15498";0.0071736011477758765;0.125;0.04750178443968594
"12477";0.05451936872309915;0.02403846153846154;0.04715917201998572
"17735";0.17934002869440402;0.08653846153846155;0.04676659528907923
"16525";0.012912482065996933;0.1201923076923077;0.046470378301213415
"17956";0.3586800573888089;0.0;2.498215560314061e-05
"16828";0.22094691535150623;0.004807692307692308;0.0004389721627408994
"16623";0.18364418938307026;0.0;0.0004389721627408994
"16611";0.2682926829268286;0.0;0.0004389721627408994
"13781";0.40315638450502167;0.0;0.00043540328336902215
"15923";0.9555236728837873;0.0;0.0004318344039971449
"16988";0.3472022955523668;0.0;0.0004282655246252677
"15463";0.08608321377331407;0.0;0.0004282655246252677
"15017";0.26111908177905274;0.0;0.0004282655246252677
"16414";0.36011477761836463;0.004807692307692308;0.0004282655246252677
"13522";0.1291248206599711;0.0;0.0004282655246252677
"16849";0.2682926829268286;0.0;0.00042469664525339045
"12415";0.10043041606886671;0.09615384615384616;0.44578515346181297
"14495";0.09038737446197942;0.004807692307692308;0.00042112776588151325
"16569";0.2596843615494979;0.0;0.00042112776588151325
"14413";0.5208034433285507;0.0;0.000417558886509636
"16658";0.7833572453371591;0.0;0.000417558886509636
"13876";0.21951219512195141;0.0;0.000417558886509636
"15917";0.27116212338593915;0.0;0.000417558886509636
"14165";0.14060258249641322;0.0;0.000417558886509636
"17967";0.9153515064562416;0.0;0.000417558886509636
"14076";0.4375896700143471;0.0;0.0004139900071377588
"13244";0.1764705882352935;0.0;0.0004139900071377588
"15049";0.05308464849354344;0.0;0.00041042112776588154
"15512";0.22381635581061676;0.004807692307692308;0.00041042112776588154
"17446";0.4461979913916787;0.004807692307692308;0.00041042112776588154
"14453";0.44045911047345765;0.0;0.0004068522483940043
"18015";0.3041606886657098;0.0;0.0004068522483940043
"14258";0.044476327116211856;0.038461538461538464;0.045196288365453245
"13078";0.0;0.1201923076923077;0.045046395431834405
"12536";0.043041606886657036;0.009615384615384616;0.04495360456816559
"15640";0.05595408895265397;0.06730769230769232;0.04464668094218415
"16000";0.2166427546628409;0.009615384615384616;0.04421127765881513
"17340";0.045911047345767564;0.04807692307692309;0.04406495360456816
"12682";0.0028694404591105283;0.14423076923076922;0.043832976445396146
"13113";0.0071736011477758765;0.11057692307692309;0.0436830835117773
"14606";0.0071736011477758765;0.44230769230769235;0.04336545324768023
"15266";0.31994261119081724;0.0;0.0004032833690221271
"15843";0.14203730272596804;0.0;0.0004032833690221271
"12929";0.49067431850789056;0.0;0.00039971448965024983
"13581";0.4060258249641322;0.0;0.00039971448965024983
"13193";0.13055954088952593;0.0;0.00039971448965024983
"17654";0.22955523672883782;0.0;0.00039971448965024983
"14156";0.0;0.25961538461538464;0.418893647394718
"15350";1.0;0.0;0.0003925767309064954
"14972";0.3974175035868006;0.0;0.0003890078515346182
"18027";0.4361549497847914;0.0;0.0003890078515346182
"17219";0.17360114777618385;0.0;0.0003854389721627409
"12651";0.14347202295552375;0.0;0.0003854389721627409
"14457";0.4461979913916787;0.0;0.0003854389721627409
"14974";0.4332855093256809;0.0;0.0003854389721627409
"16697";0.008608321377331585;0.0;0.00038187009279086367
"13807";0.7403156384505021;0.0;0.00038187009279086367
"18105";0.4332855093256809;0.0;0.00038187009279086367
"18129";0.09612625538020048;0.0;0.00038187009279086367
"17900";0.44045911047345765;0.004807692307692308;0.00037830121341898647
"17957";0.35007173601147734;0.0;0.00037830121341898647
"17274";0.3486370157819225;0.0;0.00037830121341898647
"17038";0.1291248206599711;0.0;0.00037830121341898647
"13508";0.09612625538020048;0.0;0.0003747323340471092
"13144";0.05595408895265397;0.0;0.0003747323340471092
"16963";0.31276901004304136;0.0;0.0003747323340471092
"17887";0.4375896700143471;0.0;0.0003747323340471092
"18120";0.1377331420373027;0.0;0.0003747323340471092
"17901";0.08608321377331407;0.0;0.000371163454675232
"18277";0.0;0.0;0.000371163454675232
"16792";0.444763271162123;0.004807692307692308;0.000371163454675232
"13133";0.05308464849354344;0.004807692307692308;0.000371163454675232
"12557";0.05595408895265397;0.019230769230769232;0.042773019271948605
"12939";0.05308464849354344;0.03365384615384616;0.04131334760885082
"15125";0.08751793400286889;0.06730769230769232;0.04112062812276945
"14194";0.043041606886657036;0.09615384615384616;0.0404853675945753
"12971";0.012912482065996933;0.4086538461538462;0.03991434689507495
"14895";0.08608321377331407;0.09134615384615385;0.039732334047109207
"12409";0.09325681492108995;0.009615384615384616;0.039496788008565306
"15482";0.3931133428981344;0.05288461538461539;0.03943254817987152
"17581";0.09469153515064566;0.11538461538461539;0.03939685938615275
"14345";0.47776183644189363;0.0;0.00036759457530335476
"17639";0.18507890961262508;0.0;0.00036759457530335476
"14699";0.1377331420373027;0.0;0.00036759457530335476
"12956";0.2740315638450497;0.0;0.00036402569593147756
"16106";0.3070301291248203;0.0;0.00036402569593147756
"13226";0.05308464849354344;0.0;0.00036402569593147756
"15070";0.9555236728837873;0.0;0.00035688793718772306
"16581";0.09325681492108995;0.0;0.00035688793718772306
"17791";0.08608321377331407;0.0;0.00035688793718772306
"15607";0.23242467718794835;0.0;0.00035331905781584586
"14027";0.08751793400286889;0.0;0.00035331905781584586
"15775";0.18364418938307026;0.0;0.00035331905781584586
"18174";0.43185078909612606;0.0;0.0003497501784439686
"18255";0.044476327116211856;0.0;0.0003461812990720914
"18011";1.0;0.0;0.0003461812990720914
"14542";0.22525107604017158;0.0;0.0003461812990720914
"17643";1.0;0.0;0.00034261241970021415
"15212";0.008608321377331585;0.0;0.00034261241970021415
"14836";0.04160688665710133;0.009615384615384616;0.00034261241970021415
"16516";0.1291248206599711;0.0;0.00034261241970021415
"14981";0.2281205164992821;0.0;0.00034261241970021415
"18086";0.09756097560975618;0.0;0.00033904354032833695
"16006";0.0071736011477758765;0.0;0.00033904354032833695
"16498";0.4835007173601147;0.004807692307692308;0.00033904354032833695
"16344";0.3543758967001436;0.0;0.00033904354032833695
"13319";0.08608321377331407;0.1201923076923077;0.03868665239114918
"17107";0.22381635581061676;0.02403846153846154;0.03857601713062098
"13340";0.18507890961262508;0.02884615384615385;0.038294075660242684
"14769";0.2166427546628409;0.03365384615384616;0.03807637401855817
"17139";0.00143472022955482;0.05288461538461539;0.03805139186295503
"16779";0.012912482065996933;0.10096153846153848;0.037915774446823695
"17865";0.00143472022955482;0.09134615384615385;0.03754461099214847
"17706";0.08751793400286889;0.07692307692307693;0.037466095645967167
"15251";0.004304160688665348;0.04807692307692309;0.037398286937901495
"14062";0.13199426111908164;0.05288461538461539;0.037326909350463955
"15615";0.05021520803443291;0.10576923076923078;0.03709493219129193
"15502";0.044476327116211856;0.05288461538461539;0.03704139900071377
"16180";0.35294117647058787;0.03365384615384616;0.036573875802997854
"16843";0.008608321377331585;0.07211538461538462;0.036370449678800855
"17827";0.05164992826398862;0.019230769230769232;0.007098501070663812
"17088";0.04160688665710133;0.014423076923076924;0.007084225553176303
"13590";0.004304160688665348;0.02403846153846154;0.007052105638829408
"13725";0.23098995695839264;0.03365384615384616;0.007048536759457531
"17422";0.0057388809182210565;0.02403846153846154;0.0070413990007137765
"12674";0.13199426111908164;0.014423076923076924;0.007012847965738758
"17997";0.09182209469153513;0.03365384615384616;0.007012847965738758
"17790";0.004304160688665348;0.06250000000000001;0.006995003568879372
"17218";0.044476327116211856;0.04326923076923077;0.006977159172019986
"15351";0.043041606886657036;0.02884615384615385;0.006973590292648109
"14498";0.2682926829268286;0.019230769230769232;0.006962883654532477
"17554";0.043041606886657036;0.019230769230769232;0.006945039257673091
"14533";0.044476327116211856;0.02884615384615385;0.006937901498929337
"14653";0.17216642754662814;0.02884615384615385;0.006930763740185582
"15814";0.3931133428981344;0.014423076923076924;0.00692005710206995
"15518";0.05595408895265397;0.03365384615384616;0.006909350463954318
"14472";0.09182209469153513;0.03365384615384616;0.006891506067094932
"14418";0.2596843615494979;0.009615384615384616;0.006891506067094932
"15157";0.17934002869440402;0.009615384615384616;0.006887937187723055
"15864";0.35007173601147734;0.02403846153846154;0.006887937187723055
"12528";0.18507890961262508;0.02403846153846154;0.006877230549607424
"14655";0.4763271162123388;0.014423076923076924;0.006873661670235546
"16983";0.0057388809182210565;0.02884615384615385;0.006870092790863669
"13094";0.05451936872309915;0.05288461538461539;0.00685581727337616
"16942";0.26111908177905274;0.038461538461538464;0.006834403997144896
"15021";0.2668579626972738;0.038461538461538464;0.006812990720913633
"17368";0.2180774748923957;0.03365384615384616;0.006805852962169879
"14285";0.4332855093256809;0.014423076923076924;0.006795146324054247
"16426";0.1764705882352935;0.04326923076923077;0.006788008565310493
"17228";0.21951219512195141;0.03365384615384616;0.006780870806566738
"14210";0.3629842180774743;0.02403846153846154;0.006780870806566738
"15819";0.18507890961262508;0.014423076923076924;0.006777301927194861
"14250";0.044476327116211856;0.009615384615384616;0.006773733047822984
"12762";0.43185078909612606;0.004807692307692308;0.006755888650963598
"17870";0.13199426111908164;0.05288461538461539;0.006738044254104212
"14934";0.444763271162123;0.004807692307692308;0.0067273376159885795
"12371";0.043041606886657036;0.004807692307692308;0.006716630977872948
"15641";0.444763271162123;0.014423076923076924;0.006713062098501071
"16170";0.13629842180774698;0.02403846153846154;0.006705924339757316
"13890";0.17216642754662814;0.04326923076923077;0.006702355460385439
"16128";0.3931133428981344;0.019230769230769232;0.00668807994289793
"17738";0.444763271162123;0.014423076923076924;0.006684511063526053
"15367";0.14060258249641322;0.014423076923076924;0.006680942184154176
"17293";0.0;0.038461538461538464;0.006670235546038544
"16986";0.08608321377331407;0.004807692307692308;0.00666309778729479
"13982";0.6513629842180775;0.014423076923076924;0.006659528907922913
"16474";0.044476327116211856;0.02884615384615385;0.006659528907922913
"17469";0.31133428981348654;0.019230769230769232;0.0066559600285510355
"16841";0.09469153515064566;0.02403846153846154;0.006652391149179158
"14524";0.17360114777618385;0.038461538461538464;0.006645253390435404
"17787";0.09182209469153513;0.014423076923076924;0.006634546752319771
"16201";0.2596843615494979;0.014423076923076924;0.006627408993576017
"12423";0.1276901004304154;0.03365384615384616;0.006613133476088508
"17873";0.18077474892395973;0.019230769230769232;0.006613133476088508
"12963";0.4763271162123388;0.03365384615384616;0.006605995717344754
"16979";0.08608321377331407;0.02403846153846154;0.006588151320485368
"12383";0.012912482065996933;0.019230769230769232;0.006584582441113491
"12381";0.0;0.019230769230769232;0.0065631691648822274
"17519";0.7833572453371591;0.02403846153846154;0.00655960028551035
"18180";0.00143472022955482;0.02403846153846154;0.00655960028551035
"17015";0.04160688665710133;0.009615384615384616;0.006556031406138473
"12950";0.2166427546628409;0.009615384615384616;0.006556031406138473
"16102";0.3974175035868006;0.009615384615384616;0.006552462526766596
"16455";0.21951219512195141;0.02884615384615385;0.006548893647394719
"14113";0.2596843615494979;0.014423076923076924;0.0065453247680228414
"13924";0.17216642754662814;0.02403846153846154;0.006541755888650964
"14216";0.2596843615494979;0.014423076923076924;0.006541755888650964
"14459";0.22381635581061676;0.0;0.006538187009279087
"18287";0.0;0.009615384615384616;0.006534618129907209
"15827";0.13629842180774698;0.06250000000000001;0.006531049250535332
"14665";0.044476327116211856;0.019230769230769232;0.006531049250535332
"13650";0.00143472022955482;0.02403846153846154;0.006531049250535332
"15203";0.49067431850789056;0.02403846153846154;0.006502498215560314
"18122";0.004304160688665348;0.02403846153846154;0.00649536045681656
"16153";0.22525107604017158;0.019230769230769232;0.006488222698072805
"17705";0.05451936872309915;0.038461538461538464;0.006488222698072805
"17702";0.1291248206599711;0.014423076923076924;0.006488222698072805
"16169";0.08608321377331407;0.014423076923076924;0.006484653818700928
"17828";0.18077474892395973;0.014423076923076924;0.006473947180585297
"17629";0.045911047345767564;0.03365384615384616;0.006452533904354033
"15260";0.2682926829268286;0.02884615384615385;0.006441827266238402
"17663";0.17934002869440402;0.02884615384615385;0.006413276231263383
"15812";0.047345767575322384;0.019230769230769232;0.006406138472519629
"13562";0.18364418938307026;0.009615384615384616;0.0063990007137758745
"17750";0.3472022955523668;0.038461538461538464;0.006395431834403997
"17648";0.08751793400286889;0.014423076923076924;0.006395431834403997
"12348";0.3156384505021519;0.014423076923076924;0.00639186295503212
"18235";0.045911047345767564;0.009615384615384616;0.006388294075660243
"13134";0.13629842180774698;0.014423076923076924;0.0063811563169164885
"18179";0.23242467718794835;0.02403846153846154;0.006377587437544611
"13510";0.13629842180774698;0.014423076923076924;0.006374018558172734
"16719";0.31994261119081724;0.02884615384615385;0.00636688079942898
"12523";0.012912482065996933;0.04807692307692309;0.00636688079942898
"14215";0.2682926829268286;0.02403846153846154;0.00636688079942898
"14621";0.1291248206599711;0.019230769230769232;0.006359743040685225
"13875";0.05451936872309915;0.019230769230769232;0.006356174161313348
"14608";0.08608321377331407;0.014423076923076924;0.006349036402569594
"16380";0.13055954088952593;0.0;0.006334760885082084
"15220";0.36011477761836463;0.02403846153846154;0.00632762312633833
"17092";0.22955523672883782;0.014423076923076924;0.0063240542469664525
"12645";0.26111908177905274;0.014423076923076924;0.006313347608850821
"15594";0.1291248206599711;0.019230769230769232;0.006302640970735189
"17754";0.1276901004304154;0.019230769230769232;0.006302640970735189
"14387";0.2180774748923957;0.009615384615384616;0.006299072091363312
"17813";0.26255380200860845;0.019230769230769232;0.006299072091363312
"15473";0.0;0.02884615384615385;0.006299072091363312
"13456";0.21951219512195141;0.02403846153846154;0.006284796573875803
"15950";0.17360114777618385;0.014423076923076924;0.006281227694503926
"16751";0.1291248206599711;0.0;0.006277658815132049
"12823";0.35294117647058787;0.019230769230769232;0.006259814418272663
"15241";0.13629842180774698;0.03365384615384616;0.006245538900785154
"16359";0.012912482065996933;0.038461538461538464;0.006227694503925767
"13564";0.7833572453371591;0.009615384615384616;0.006220556745182013
"13808";0.22094691535150623;0.019230769230769232;0.006216987865810136
"15067";0.444763271162123;0.009615384615384616;0.006206281227694504
"13157";0.008608321377331585;0.014423076923076924;0.006192005710206995
"14595";0.13055954088952593;0.02403846153846154;0.006192005710206995
"17353";0.17934002869440402;0.004807692307692308;0.006188436830835118
"17930";0.26255380200860845;0.019230769230769232;0.006188436830835118
"17457";0.30989956958393083;0.019230769230769232;0.006181299072091364
"14673";0.2596843615494979;0.019230769230769232;0.006174161313347609
"17043";0.2180774748923957;0.014423076923076924;0.006170592433975732
"16791";0.05595408895265397;0.02884615384615385;0.0061241970021413275
"17451";0.17216642754662814;0.02884615384615385;0.00612062812276945
"14834";0.0;0.02403846153846154;0.006117059243397573
"15267";0.0;0.019230769230769232;0.0061063526052819415
"17147";0.49067431850789056;0.014423076923076924;0.006099214846538187
"17162";0.04160688665710133;0.04326923076923077;0.006099214846538187
"13763";0.21951219512195141;0.0;0.006099214846538187
"14441";0.1276901004304154;0.014423076923076924;0.006092077087794433
"12407";0.2668579626972738;0.019230769230769232;0.006074232690935047
"15240";0.008608321377331585;0.019230769230769232;0.0060706638115631695
"16398";0.17934002869440402;0.004807692307692308;0.006067094932191292
"17282";0.482065997130559;0.009615384615384616;0.006056388294075661
"16007";0.0057388809182210565;0.014423076923076924;0.0060528194147037835
"12843";0.09469153515064566;0.03365384615384616;0.0060528194147037835
"13184";0.047345767575322384;0.04326923076923077;0.006049250535331906
"13824";0.008608321377331585;0.019230769230769232;0.006042112776588152
"17193";0.0;0.02884615384615385;0.006042112776588152
"16775";0.13342898134863646;0.04807692307692309;0.0060314061384725195
"16813";0.35150645624103305;0.04326923076923077;0.006020699500356888
"15549";0.31133428981348654;0.009615384615384616;0.006020699500356888
"14245";0.3572453371592541;0.004807692307692308;0.006020699500356888
"16671";0.04160688665710133;0.009615384615384616;0.006017130620985011
"15380";0.4763271162123388;0.019230769230769232;0.006009992862241256
"12635";0.044476327116211856;0.004807692307692308;0.006006423982869379
"13162";0.13342898134863646;0.014423076923076924;0.006002855103497502
"13577";0.008608321377331585;0.014423076923076924;0.006002855103497502
"16638";0.22955523672883782;0.04326923076923077;0.0059778729478943615
"17656";0.00143472022955482;0.019230769230769232;0.005956459671663098
"16115";0.0057388809182210565;0.03365384615384616;0.005931477516059957
"13012";0.09469153515064566;0.03365384615384616;0.005910064239828694
"12912";0.2166427546628409;0.019230769230769232;0.005910064239828694
"12530";0.043041606886657036;0.014423076923076924;0.005910064239828694
"15024";0.04160688665710133;0.04326923076923077;0.005906495360456817
"15214";0.05164992826398862;0.03365384615384616;0.005906495360456817
"12967";0.9153515064562416;0.004807692307692308;0.005906495360456817
"15332";0.6958393113342893;0.014423076923076924;0.005906495360456817
"14045";0.2754662840746054;0.014423076923076924;0.005902926481084939
"15953";0.0071736011477758765;0.03365384615384616;0.005899357601713062
"17284";0.045911047345767564;0.02403846153846154;0.005877944325481799
"14573";0.05021520803443291;0.038461538461538464;0.005877944325481799
"16711";0.098995695839311;0.019230769230769232;0.005870806566738045
"14837";0.044476327116211856;0.014423076923076924;0.005867237687366167
"13750";0.23242467718794835;0.019230769230769232;0.005856531049250536
"15002";0.31994261119081724;0.014423076923076924;0.00583868665239115
"13627";0.043041606886657036;0.019230769230769232;0.00582441113490364
"17673";0.17216642754662814;0.02403846153846154;0.005792291220556745
"16515";0.004304160688665348;0.019230769230769232;0.005785153461812991
"14759";0.3041606886657098;0.009615384615384616;0.005781584582441114
"16987";0.2596843615494979;0.02884615384615385;0.005778015703069237
"15172";0.4763271162123388;0.019230769230769232;0.005774446823697359
"14937";0.482065997130559;0.009615384615384616;0.005767309064953605
"17101";0.08608321377331407;0.014423076923076924;0.005767309064953605
"14178";0.04160688665710133;0.02884615384615385;0.005763740185581728
"16801";0.05308464849354344;0.014423076923076924;0.005760171306209851
"18161";0.26255380200860845;0.019230769230769232;0.005756602426837973
"14336";0.18507890961262508;0.014423076923076924;0.005742326909350465
"16992";0.3931133428981344;0.019230769230769232;0.005738758029978587
"14312";0.05308464849354344;0.02403846153846154;0.005731620271234832
"14918";0.17934002869440402;0.004807692307692308;0.005724482512491078
"13614";0.044476327116211856;0.014423076923076924;0.005724482512491078
"12868";0.012912482065996933;0.02403846153846154;0.005713775874375446
"16817";0.05308464849354344;0.038461538461538464;0.005706638115631692
"12947";0.09325681492108995;0.02403846153846154;0.0057030692362598145
"16466";0.0057388809182210565;0.02884615384615385;0.005699500356887937
"14719";0.08751793400286889;0.019230769230769232;0.00569593147751606
"14587";0.012912482065996933;0.038461538461538464;0.005692362598144183
"15660";0.48923959827833574;0.038461538461538464;0.005692362598144183
"16496";0.4763271162123388;0.009615384615384616;0.005688793718772306
"13850";0.4375896700143471;0.0;0.00567094932191292
"16332";0.04160688665710133;0.02884615384615385;0.005663811563169165
"17837";0.043041606886657036;0.03365384615384616;0.005663811563169165
"14970";0.4347202295552366;0.014423076923076924;0.005660242683797288
"16676";0.09469153515064566;0.014423076923076924;0.005660242683797288
"15611";0.14347202295552375;0.057692307692307696;0.005656673804425411
"18178";0.3572453371592541;0.014423076923076924;0.005656673804425411
"12393";0.05595408895265397;0.014423076923076924;0.0056281227694503924
"12607";0.08751793400286889;0.0;0.005617416131334761
"16889";0.09612625538020048;0.009615384615384616;0.005613847251962884
"13814";0.1764705882352935;0.004807692307692308;0.005613847251962884
"13186";0.22094691535150623;0.009615384615384616;0.005603140613847252
"13634";0.05164992826398862;0.019230769230769232;0.005599571734475375
"17671";0.0071736011477758765;0.014423076923076924;0.0055924339757316205
"16283";0.045911047345767564;0.019230769230769232;0.005585296216987866
"15906";0.3572453371592541;0.02884615384615385;0.0055745895788722345
"12865";0.1779053084648492;0.004807692307692308;0.0055745895788722345
"15111";0.08608321377331407;0.009615384615384616;0.005571020699500357
"17085";0.1779053084648492;0.019230769230769232;0.005571020699500357
"17204";0.008608321377331585;0.014423076923076924;0.005563882940756603
"18239";0.31420373027259707;0.019230769230769232;0.005553176302640971
"16394";0.3156384505021519;0.019230769230769232;0.00552819414703783
"13313";0.18220946915351455;0.019230769230769232;0.00552819414703783
"15620";0.40172166427546596;0.009615384615384616;0.005521056388294076
"15117";0.045911047345767564;0.019230769230769232;0.005517487508922198
"13320";0.09469153515064566;0.014423076923076924;0.005506780870806567
"14229";0.10043041606886671;0.009615384615384616;0.005499643112062812
"14704";0.0057388809182210565;0.038461538461538464;0.005499643112062812
"16790";0.04160688665710133;0.02403846153846154;0.005496074232690935
"13397";0.13629842180774698;0.019230769230769232;0.005488936473947181
"15701";0.2166427546628409;0.014423076923076924;0.005481798715203426
"16365";0.004304160688665348;0.038461538461538464;0.005474660956459672
"12877";0.22238163558106105;0.05288461538461539;0.005460385438972163
"15392";0.00143472022955482;0.014423076923076924;0.005460385438972163
"15625";0.482065997130559;0.014423076923076924;0.005453247680228409
"13107";0.10043041606886671;0.014423076923076924;0.005446109921484654
"14321";0.10043041606886671;0.019230769230769232;0.005442541042112777
"12759";0.14060258249641322;0.009615384615384616;0.005442541042112777
"14567";0.482065997130559;0.004807692307692308;0.0054389721627409
"15916";0.1291248206599711;0.03365384615384616;0.005431834403997145
"16244";0.0071736011477758765;0.004807692307692308;0.005413990007137759
"16066";0.13055954088952593;0.019230769230769232;0.0054104211277658815
"13764";0.2754662840746054;0.009615384615384616;0.0054104211277658815
"16434";0.08608321377331407;0.02884615384615385;0.0054104211277658815
"13213";0.13629842180774698;0.019230769230769232;0.005406852248394004
"16880";0.09182209469153513;0.02884615384615385;0.00539971448965025
"13791";0.35294117647058787;0.004807692307692308;0.005389007851534618
"16748";0.14347202295552375;0.019230769230769232;0.005389007851534618
"16053";0.13342898134863646;0.004807692307692308;0.0053747323340471095
"16910";0.13199426111908164;0.03365384615384616;0.005367594575303355
"16016";0.2596843615494979;0.03365384615384616;0.005364025695931478
"15265";0.047345767575322384;0.004807692307692308;0.005353319057815846
"15530";0.2281205164992821;0.014423076923076924;0.0053390435403283375
"17571";0.22955523672883782;0.014423076923076924;0.005328336902212705
"13810";0.04160688665710133;0.009615384615384616;0.005328336902212705
"14414";0.13199426111908164;0.02884615384615385;0.005321199143468951
"17002";0.18220946915351455;0.009615384615384616;0.005310492505353319
"15057";0.14060258249641322;0.004807692307692308;0.00529621698786581
"13110";0.17360114777618385;0.02884615384615385;0.005292648108493933
"14963";0.13629842180774698;0.019230769230769232;0.005289079229122056
"13692";0.09469153515064566;0.009615384615384616;0.005289079229122056
"17553";0.4375896700143471;0.0;0.005289079229122056
"16395";0.08751793400286889;0.019230769230769232;0.005285510349750179
"14878";0.0057388809182210565;0.038461538461538464;0.0052819414703783015
"18016";0.2180774748923957;0.019230769230769232;0.005274803711634547
"15427";0.26111908177905274;0.009615384615384616;0.00527123483226267
"17590";0.2166427546628409;0.009615384615384616;0.005256959314775161
"14403";0.2697274031563843;0.014423076923076924;0.0052462526766595295
"12826";0.08608321377331407;0.02884615384615385;0.005242683797287652
"15983";0.6513629842180775;0.014423076923076924;0.005242683797287652
"14404";0.26111908177905274;0.02403846153846154;0.005239114917915775
"14246";0.18364418938307026;0.009615384615384616;0.005239114917915775
"15128";0.08751793400286889;0.014423076923076924;0.005228408279800143
"16348";0.2180774748923957;0.02884615384615385;0.005221270521056388
"14233";0.0071736011477758765;0.014423076923076924;0.005199857244825125
"12882";0.26111908177905274;0.004807692307692308;0.005199857244825125
"14541";0.0;0.03365384615384616;0.005196288365453248
"16059";0.3070301291248203;0.02403846153846154;0.005189150606709493
"13309";0.00143472022955482;0.019230769230769232;0.005178443968593862
"16996";0.09038737446197942;0.02403846153846154;0.005178443968593862
"13477";0.0071736011477758765;0.02403846153846154;0.005171306209850107
"15987";0.045911047345767564;0.02884615384615385;0.005157030692362599
"14740";0.48923959827833574;0.009615384615384616;0.005146324054246967
"15426";0.26111908177905274;0.019230769230769232;0.00514275517487509
"14591";0.09469153515064566;0.014423076923076924;0.00514275517487509
"13461";0.47776183644189363;0.009615384615384616;0.005135617416131335
"13717";0.2180774748923957;0.02403846153846154;0.005135617416131335
"17175";0.0057388809182210565;0.014423076923076924;0.005132048536759457
"14071";0.17360114777618385;0.03365384615384616;0.005114204139900071
"15858";0.043041606886657036;0.019230769230769232;0.005114204139900071
"13159";0.4763271162123388;0.014423076923076924;0.005110635260528194
"16503";0.1377331420373027;0.014423076923076924;0.005089221984296931
"13475";0.2697274031563843;0.014423076923076924;0.005089221984296931
"16103";0.2682926829268286;0.02403846153846154;0.0050820842255531766
"16271";0.2166427546628409;0.019230769230769232;0.005078515346181299
"14035";0.04160688665710133;0.019230769230769232;0.005074946466809422
"15681";0.04160688665710133;0.019230769230769232;0.005067808708065668
"15106";0.0071736011477758765;0.019230769230769232;0.005057102069950036
"14019";0.4361549497847914;0.009615384615384616;0.005053533190578159
"16571";0.4045911047345765;0.009615384615384616;0.005053533190578159
"14901";0.00143472022955482;0.038461538461538464;0.005049964311206282
"17288";0.48780487804878003;0.02884615384615385;0.005046395431834405
"14443";0.4461979913916787;0.014423076923076924;0.005046395431834405
"17856";0.17216642754662814;0.014423076923076924;0.00503925767309065
"16173";0.13199426111908164;0.02403846153846154;0.00503925767309065
"18116";0.3945480631276901;0.03365384615384616;0.00503925767309065
"14649";0.05021520803443291;0.014423076923076924;0.005035688793718773
"14748";0.05021520803443291;0.019230769230769232;0.005032119914346895
"16012";0.22381635581061676;0.009615384615384616;0.005028551034975018
"16245";0.09038737446197942;0.009615384615384616;0.0050249821556031405
"17004";0.1764705882352935;0.004807692307692308;0.005021413276231263
"15237";0.17216642754662814;0.014423076923076924;0.005017844396859386
"15596";0.1377331420373027;0.019230769230769232;0.005
"17083";0.14203730272596804;0.009615384615384616;0.004996431120628123
"14741";0.9555236728837873;0.02403846153846154;0.00497501784439686
"18202";0.49067431850789056;0.009615384615384616;0.004964311206281228
"13995";0.18364418938307026;0.019230769230769232;0.0049536045681655965
"15051";0.004304160688665348;0.009615384615384616;0.004946466809421842
"13414";0.31133428981348654;0.009615384615384616;0.004942897930049965
"15898";0.17216642754662814;0.019230769230769232;0.0049357601713062105
"16539";0.2166427546628409;0.014423076923076924;0.0049357601713062105
"15453";0.17216642754662814;0.02884615384615385;0.0049321912919343324
"12952";0.3472022955523668;0.014423076923076924;0.0049321912919343324
"15134";0.09469153515064566;0.03365384615384616;0.0049321912919343324
"17676";0.0;0.02403846153846154;0.0049321912919343324
"12775";0.40028694404591114;0.019230769230769232;0.004925053533190578
"18167";0.3486370157819225;0.009615384615384616;0.004921484653818701
"14116";0.09038737446197942;0.019230769230769232;0.0049143468950749464
"14507";0.18220946915351455;0.02403846153846154;0.0049143468950749464
"16389";0.48923959827833574;0.014423076923076924;0.004910778015703069
"12886";0.3572453371592541;0.004807692307692308;0.0048965024982155604
"15569";0.05595408895265397;0.019230769230769232;0.004889364739471806
"14434";0.08751793400286889;0.02403846153846154;0.0048786581013561744
"13813";0.044476327116211856;0.014423076923076924;0.004857244825124911
"14897";0.00143472022955482;0.014423076923076924;0.004853675945753034
"13396";0.08608321377331407;0.004807692307692308;0.004835831548893648
"14102";0.3472022955523668;0.019230769230769232;0.00483226266952177
"15411";0.09325681492108995;0.014423076923076924;0.004828693790149893
"13232";0.0057388809182210565;0.02884615384615385;0.004825124910778016
"17054";0.04160688665710133;0.019230769230769232;0.004817987152034261
"14064";0.0071736011477758765;0.019230769230769232;0.004810849393290507
"12646";0.3041606886657098;0.004807692307692308;0.004785867237687366
"12463";0.008608321377331585;0.014423076923076924;0.004778729478943612
"17372";0.08751793400286889;0.03365384615384616;0.004771591720199858
"16317";0.0028694404591105283;0.009615384615384616;0.00476802284082798
"13743";0.00143472022955482;0.02884615384615385;0.00476802284082798
"16045";0.0028694404591105283;0.014423076923076924;0.004764453961456103
"18177";0.17360114777618385;0.02403846153846154;0.004764453961456103
"15059";0.14347202295552375;0.038461538461538464;0.004753747323340472
"16110";0.49067431850789056;0.009615384615384616;0.004750178443968594
"12919";0.004304160688665348;0.02403846153846154;0.00474304068522484
"15680";0.6958393113342893;0.009615384615384616;0.004739471805852963
"17932";0.0071736011477758765;0.009615384615384616;0.0047323340471092075
"12676";0.1779053084648492;0.02403846153846154;0.00472876516773733
"16295";0.0;0.014423076923076924;0.004721627408993576
"17633";0.045911047345767564;0.014423076923076924;0.004707351891506067
"12854";0.008608321377331585;0.009615384615384616;0.004707351891506067
"17095";0.14347202295552375;0.009615384615384616;0.00470378301213419
"16370";0.09325681492108995;0.014423076923076924;0.004693076374018558
"14794";0.1291248206599711;0.02884615384615385;0.004689507494646681
"13168";0.3931133428981344;0.014423076923076924;0.004685938615274804
"12526";0.1276901004304154;0.009615384615384616;0.0046788008565310495
"14921";0.1291248206599711;0.004807692307692308;0.004675231977159172
"12576";0.18651362984218078;0.019230769230769232;0.004675231977159172
"14511";0.1764705882352935;0.019230769230769232;0.004671663097787295
"14738";0.0071736011477758765;0.02884615384615385;0.004668094218415418
"16040";0.3070301291248203;0.009615384615384616;0.004668094218415418
"12364";0.43185078909612606;0.014423076923076924;0.004664525339043541
"12516";0.0057388809182210565;0.004807692307692308;0.0046609564596716635
"14856";0.3931133428981344;0.009615384615384616;0.004657387580299786
"14477";0.18077474892395973;0.014423076923076924;0.004653818700927909
"16120";0.043041606886657036;0.014423076923076924;0.004650249821556032
"14047";0.23242467718794835;0.019230769230769232;0.004650249821556032
"14297";0.08751793400286889;0.014423076923076924;0.004635974304068523
"12507";0.22381635581061676;0.009615384615384616;0.004635974304068523
"16744";0.26111908177905274;0.02884615384615385;0.004635974304068523
"14898";0.098995695839311;0.02403846153846154;0.004632405424696645
"17919";0.00143472022955482;0.0;0.004632405424696645
"15108";0.2682926829268286;0.014423076923076924;0.004618129907209136
"15494";0.09038737446197942;0.004807692307692308;0.004614561027837259
"15602";0.04160688665710133;0.038461538461538464;0.004610992148465382
"12372";0.05021520803443291;0.009615384615384616;0.004610992148465382
"17961";0.00143472022955482;0.18269230769230768;0.0046038543897216275
"16929";0.22381635581061676;0.02884615384615385;0.00460028551034975
"16224";0.3586800573888089;0.014423076923076924;0.00460028551034975
"15621";0.3041606886657098;0.014423076923076924;0.004593147751605996
"15171";0.012912482065996933;0.0;0.004582441113490364
"15136";0.2166427546628409;0.014423076923076924;0.004571734475374733
"17350";0.4763271162123388;0.014423076923076924;0.0045681655960028555
"16949";0.22525107604017158;0.02403846153846154;0.0045681655960028555
"17802";0.0057388809182210565;0.009615384615384616;0.004564596716630978
"16899";0.044476327116211856;0.02403846153846154;0.004553890078515347
"13538";0.045911047345767564;0.02884615384615385;0.0045503211991434695
"16951";0.18651362984218078;0.009615384615384616;0.004539614561027838
"17019";0.7833572453371591;0.014423076923076924;0.004521770164168451
"12394";0.21951219512195141;0.004807692307692308;0.004518201284796574
"14669";0.008608321377331585;0.009615384615384616;0.004511063526052819
"13492";0.1377331420373027;0.009615384615384616;0.004511063526052819
"15199";0.043041606886657036;0.014423076923076924;0.004507494646680942
"14916";0.22094691535150623;0.014423076923076924;0.004507494646680942
"13431";0.00143472022955482;0.004807692307692308;0.004507494646680942
"17158";0.2180774748923957;0.009615384615384616;0.004500356887937188
"13989";0.3070301291248203;0.004807692307692308;0.004496788008565311
"16842";0.098995695839311;0.009615384615384616;0.004489650249821556
"16688";0.08751793400286889;0.014423076923076924;0.004478943611705925
"17388";0.0071736011477758765;0.014423076923076924;0.004475374732334047
"14931";0.3041606886657098;0.019230769230769232;0.004468236973590293
"16639";0.17360114777618385;0.009615384615384616;0.004468236973590293
"17412";0.043041606886657036;0.02884615384615385;0.004468236973590293
"17481";0.22094691535150623;0.014423076923076924;0.004461099214846539
"13848";0.1764705882352935;0.009615384615384616;0.004457530335474661
"17262";0.6958393113342893;0.019230769230769232;0.004450392576730907
"14698";0.17216642754662814;0.019230769230769232;0.004443254817987153
"12689";0.35294117647058787;0.004807692307692308;0.00443254817987152
"13029";0.1291248206599711;0.009615384615384616;0.00443254817987152
"14383";0.26255380200860845;0.009615384615384616;0.00443254817987152
"13860";0.17216642754662814;0.019230769230769232;0.004425410421127766
"12494";0.4835007173601147;0.02884615384615385;0.004425410421127766
"16531";0.35294117647058787;0.02884615384615385;0.0044218415417558886
"14428";0.3931133428981344;0.019230769230769232;0.0044218415417558886
"17584";0.35294117647058787;0.004807692307692308;0.004411134903640257
"17731";0.13629842180774698;0.014423076923076924;0.0044039971448965026
"12985";0.04160688665710133;0.004807692307692308;0.004400428265524625
"13476";0.4045911047345765;0.004807692307692308;0.004396859386152748
"13931";0.308464849354376;0.004807692307692308;0.004396859386152748
"15201";0.27116212338593915;0.019230769230769232;0.004393290506780871
"14684";0.18220946915351455;0.019230769230769232;0.004389721627408994
"15376";0.4863701578192252;0.009615384615384616;0.004379014989293362
"15910";0.1276901004304154;0.03365384615384616;0.004375446109921485
"18080";0.05164992826398862;0.004807692307692308;0.004375446109921485
"18171";0.0;0.019230769230769232;0.004371877230549608
"14913";0.05308464849354344;0.014423076923076924;0.004357601713062099
"12997";0.00143472022955482;0.014423076923076924;0.004357601713062099
"17774";0.23098995695839264;0.014423076923076924;0.0043504639543183446
"13208";0.0;0.02403846153846154;0.004346895074946467
"15841";0.31420373027259707;0.014423076923076924;0.004346895074946467
"16794";0.0057388809182210565;0.04326923076923077;0.00434332619557459
"14745";0.18077474892395973;0.019230769230769232;0.004332619557458958
"15227";0.18220946915351455;0.019230769230769232;0.0043290506780870805
"13491";0.05595408895265397;0.04326923076923077;0.004318344039971449
"17410";0.0;0.019230769230769232;0.004314775160599572
"13055";0.09469153515064566;0.009615384615384616;0.0043112062812276945
"18263";0.22381635581061676;0.009615384615384616;0.004307637401855817
"12464";0.4060258249641322;0.03365384615384616;0.00430406852248394
"17653";0.045911047345767564;0.014423076923076924;0.004289793004996431
"15737";0.05164992826398862;0.03365384615384616;0.0042790863668808
"17320";0.7833572453371591;0.009615384615384616;0.004264810849393291
"13158";0.0028694404591105283;0.014423076923076924;0.004264810849393291
"17800";0.05308464849354344;0.038461538461538464;0.0042576730906495365
"15605";0.044476327116211856;0.019230769230769232;0.004254104211277659
"13211";0.308464849354376;0.009615384615384616;0.004250535331905782
"16042";0.05595408895265397;0.019230769230769232;0.004250535331905782
"17867";0.1291248206599711;0.02403846153846154;0.004250535331905782
"14487";0.044476327116211856;0.02403846153846154;0.004246966452533905
"17720";0.7403156384505021;0.014423076923076924;0.004246966452533905
"17526";0.3041606886657098;0.014423076923076924;0.004246966452533905
"15145";0.3041606886657098;0.014423076923076924;0.004243397573162028
"13882";0.1291248206599711;0.019230769230769232;0.004229122055674518
"12462";0.14203730272596804;0.004807692307692308;0.004225553176302641
"16612";0.0028694404591105283;0.014423076923076924;0.0042184154175588864
"13752";0.1377331420373027;0.02403846153846154;0.004211277658815132
"16950";0.22238163558106105;0.009615384615384616;0.004186295503211992
"12885";0.1779053084648492;0.009615384615384616;0.004172019985724483
"15306";0.1764705882352935;0.009615384615384616;0.004168451106352606
"14857";0.043041606886657036;0.004807692307692308;0.0041648822269807284
"13611";0.044476327116211856;0.009615384615384616;0.004161313347608851
"18168";0.098995695839311;0.02403846153846154;0.004154175588865097
"12358";0.004304160688665348;0.004807692307692308;0.0041470378301213424
"13500";0.13342898134863646;0.009615384615384616;0.004143468950749465
"14737";0.2596843615494979;0.009615384615384616;0.004136331192005711
"14447";0.36011477761836463;0.019230769230769232;0.004129193433261956
"16714";0.31420373027259707;0.009615384615384616;0.004125624553890078
"17348";0.04160688665710133;0.019230769230769232;0.004118486795146324
"15088";0.3945480631276901;0.004807692307692308;0.004118486795146324
"16184";0.0071736011477758765;0.02403846153846154;0.004114917915774447
"13499";0.08608321377331407;0.019230769230769232;0.004114917915774447
"14723";0.3931133428981344;0.02403846153846154;0.00411134903640257
"13744";0.308464849354376;0.004807692307692308;0.004104211277658815
"16637";0.08751793400286889;0.014423076923076924;0.004097073518915061
"16062";0.008608321377331585;0.014423076923076924;0.004097073518915061
"12710";0.35150645624103305;0.009615384615384616;0.004079229122055675
"16766";0.05308464849354344;0.004807692307692308;0.004068522483940043
"17505";0.4835007173601147;0.004807692307692308;0.004068522483940043
"17770";0.05021520803443291;0.019230769230769232;0.004057815845824412
"18125";0.08608321377331407;0.014423076923076924;0.004057815845824412
"15985";0.1779053084648492;0.004807692307692308;0.004054246966452534
"13330";0.1764705882352935;0.009615384615384616;0.004050678087080657
"17135";0.4332855093256809;0.02884615384615385;0.00404710920770878
"16172";0.008608321377331585;0.019230769230769232;0.00404710920770878
"13819";0.05451936872309915;0.009615384615384616;0.00404710920770878
"17500";0.08608321377331407;0.009615384615384616;0.004039971448965026
"17302";0.13342898134863646;0.019230769230769232;0.00403283369022127
"17242";0.0057388809182210565;0.004807692307692308;0.004029264810849393
"15489";0.0071736011477758765;0.009615384615384616;0.004025695931477516
"17585";0.31994261119081724;0.014423076923076924;0.004022127052105639
"16989";0.004304160688665348;0.02403846153846154;0.004022127052105639
"13772";0.26111908177905274;0.009615384615384616;0.0040185581727337615
"13282";0.40172166427546596;0.009615384615384616;0.0040185581727337615
"13610";0.09612625538020048;0.02884615384615385;0.0040185581727337615
"15500";0.4763271162123388;0.014423076923076924;0.0040185581727337615
"13310";0.04160688665710133;0.009615384615384616;0.0040185581727337615
"13447";0.26111908177905274;0.009615384615384616;0.00400785153461813
"14824";0.13199426111908164;0.014423076923076924;0.004004282655246253
"12609";0.2682926829268286;0.009615384615384616;0.0040007137758743755
"14708";0.17934002869440402;0.009615384615384616;0.003997144896502498
"17470";0.2697274031563843;0.019230769230769232;0.003993576017130621
"14129";0.17216642754662814;0.019230769230769232;0.003990007137758744
"17562";0.09038737446197942;0.02884615384615385;0.0039828693790149895
"16807";0.18220946915351455;0.009615384615384616;0.0039828693790149895
"13486";0.22381635581061676;0.009615384615384616;0.0039828693790149895
"16086";0.043041606886657036;0.019230769230769232;0.003979300499643112
"15730";0.1764705882352935;0.009615384615384616;0.003979300499643112
"14276";0.0057388809182210565;0.009615384615384616;0.003975731620271235
"17894";0.35150645624103305;0.03365384615384616;0.003975731620271235
"12842";0.36154949784791945;0.004807692307692308;0.003972162740899358
"15716";0.8278335724533719;0.014423076923076924;0.003972162740899358
"13064";0.00143472022955482;0.014423076923076924;0.003972162740899358
"17788";0.4375896700143471;0.004807692307692308;0.003968593861527481
"13591";0.26255380200860845;0.009615384615384616;0.0039650249821556035
"14971";0.3486370157819225;0.009615384615384616;0.0039650249821556035
"16350";0.10043041606886671;0.014423076923076924;0.003961456102783726
"12679";0.0;0.014423076923076924;0.003950749464668095
"17609";0.098995695839311;0.019230769230769232;0.0039471805852962175
"14161";0.18220946915351455;0.009615384615384616;0.00394361170592434
"14817";0.22955523672883782;0.004807692307692308;0.003940042826552463
"12399";0.0028694404591105283;0.014423076923076924;0.003936473947180586
"16833";0.14347202295552375;0.014423076923076924;0.003929336188436831
"12857";0.098995695839311;0.004807692307692308;0.0039257673090649535
"14410";0.1764705882352935;0.038461538461538464;0.003922198429693076
"14948";0.3572453371592541;0.02403846153846154;0.003911491791577445
"14744";0.043041606886657036;0.02884615384615385;0.0039043540328336903
"13104";0.2596843615494979;0.02403846153846154;0.003897216274089936
"17966";0.047345767575322384;0.019230769230769232;0.003897216274089936
"16533";0.4347202295552366;0.009615384615384616;0.0038900785153461815
"16225";0.22955523672883782;0.019230769230769232;0.0038900785153461815
"13652";0.7833572453371591;0.009615384615384616;0.0038865096359743043
"15745";0.26111908177905274;0.014423076923076924;0.0038865096359743043
"15608";0.04160688665710133;0.014423076923076924;0.003882940756602427
"13521";0.17216642754662814;0.009615384615384616;0.003882940756602427
"12534";0.482065997130559;0.0;0.003865096359743041
"15763";0.17360114777618385;0.004807692307692308;0.0038579586009992862
"13467";0.3931133428981344;0.004807692307692308;0.0038472519628836546
"16200";0.3041606886657098;0.004807692307692308;0.003836545324768023
"14561";0.18077474892395973;0.009615384615384616;0.003836545324768023
"15197";0.48780487804878003;0.009615384615384616;0.003832976445396146
"13726";0.47776183644189363;0.004807692307692308;0.003832976445396146
"13715";0.31994261119081724;0.019230769230769232;0.0038294075660242686
"14352";0.05308464849354344;0.014423076923076924;0.0038294075660242686
"16094";0.08608321377331407;0.014423076923076924;0.0038258386866523914
"13131";0.31276901004304136;0.009615384615384616;0.003807994289793005
"15238";0.08608321377331407;0.009615384615384616;0.003804425410421128
"15712";0.13629842180774698;0.019230769230769232;0.003804425410421128
"17522";0.13629842180774698;0.019230769230769232;0.0038008565310492506
"13635";0.3945480631276901;0.0;0.0038008565310492506
"14212";0.044476327116211856;0.0;0.0037972876516773734
"16918";0.21951219512195141;0.02403846153846154;0.003793718772305496
"17214";0.08751793400286889;0.02403846153846154;0.003793718772305496
"15027";0.1291248206599711;0.014423076923076924;0.0037830121341898646
"15801";0.08751793400286889;0.009615384615384616;0.00377587437544611
"14488";0.3945480631276901;0.0;0.00377587437544611
"12951";0.3156384505021519;0.02403846153846154;0.00377587437544611
"17287";0.48780487804878003;0.02884615384615385;0.00377587437544611
"16214";0.48780487804878003;0.009615384615384616;0.003772305496074233
"14411";0.4461979913916787;0.0;0.003772305496074233
"15996";0.00143472022955482;0.02403846153846154;0.0037651677373304786
"15706";0.21951219512195141;0.014423076923076924;0.0037651677373304786
"14465";0.098995695839311;0.009615384615384616;0.0037580299785867238
"18130";0.04160688665710133;0.009615384615384616;0.0037580299785867238
"13455";0.6958393113342893;0.004807692307692308;0.0037544610992148466
"14419";0.08751793400286889;0.02403846153846154;0.0037544610992148466
"15407";0.13629842180774698;0.014423076923076924;0.003747323340471092
"14514";0.012912482065996933;0.009615384615384616;0.003743754461099215
"14583";0.22525107604017158;0.019230769230769232;0.0037366167023554606
"12716";0.2596843615494979;0.004807692307692308;0.0037366167023554606
"12849";0.17360114777618385;0.004807692307692308;0.003729478943611706
"14224";0.18220946915351455;0.014423076923076924;0.003725910064239829
"15464";0.31994261119081724;0.0;0.0037223411848679518
"14078";0.09469153515064566;0.02403846153846154;0.0037223411848679518
"15839";0.26111908177905274;0.009615384615384616;0.0037187723054960746
"14293";0.23098995695839264;0.014423076923076924;0.0037152034261241974
"15777";0.008608321377331585;0.014423076923076924;0.0037152034261241974
"16520";0.2682926829268286;0.009615384615384616;0.0037152034261241974
"17042";0.09038737446197942;0.019230769230769232;0.0037044967880085653
"15192";0.0028694404591105283;0.009615384615384616;0.0037044967880085653
"15073";0.22525107604017158;0.009615384615384616;0.003700927908636688
"14389";0.3070301291248203;0.004807692307692308;0.003700927908636688
"14584";0.13629842180774698;0.014423076923076924;0.003697359029264811
"13719";0.26111908177905274;0.019230769230769232;0.003697359029264811
"18221";0.0071736011477758765;0.019230769230769232;0.003697359029264811
"15434";0.17360114777618385;0.019230769230769232;0.0036937901498929337
"14446";0.04160688665710133;0.014423076923076924;0.0036902212705210565
"16175";0.26398852223816327;0.014423076923076924;0.003683083511777302
"16320";0.09469153515064566;0.004807692307692308;0.003683083511777302
"12691";0.0;0.02403846153846154;0.0036759457530335478
"12599";0.047345767575322384;0.02884615384615385;0.003665239114917916
"12724";0.05595408895265397;0.014423076923076924;0.0036581013561741613
"17405";0.004304160688665348;0.009615384615384616;0.0036581013561741613
"12717";0.047345767575322384;0.004807692307692308;0.0036581013561741613
"13235";0.05021520803443291;0.0;0.0036581013561741613
"13253";0.2668579626972738;0.004807692307692308;0.003654532476802284
"17033";0.1377331420373027;0.009615384615384616;0.003654532476802284
"16682";0.1764705882352935;0.019230769230769232;0.0036473947180585297
"15104";0.444763271162123;0.004807692307692308;0.0036438258386866525
"13956";0.09612625538020048;0.019230769230769232;0.0036402569593147753
"16160";0.3070301291248203;0.004807692307692308;0.003636688079942898
"14904";0.2166427546628409;0.004807692307692308;0.003636688079942898
"15658";0.4060258249641322;0.019230769230769232;0.003633119200571021
"17096";0.0;0.014423076923076924;0.0036259814418272665
"14346";0.045911047345767564;0.004807692307692308;0.0036259814418272665
"12572";0.4763271162123388;0.004807692307692308;0.003618843683083512
"13376";0.48063127690100416;0.009615384615384616;0.003618843683083512
"18142";0.18220946915351455;0.004807692307692308;0.003618843683083512
"12828";0.2166427546628409;0.02403846153846154;0.003615274803711635
"14083";0.05308464849354344;0.038461538461538464;0.0036117059243397577
"13728";0.3931133428981344;0.02403846153846154;0.003604568165596003
"13867";0.17360114777618385;0.009615384615384616;0.0036009992862241257
"17197";0.08608321377331407;0.0;0.0035938615274803713
"12739";0.48063127690100416;0.004807692307692308;0.0035938615274803713
"14775";0.0;0.009615384615384616;0.003590292648108494
"14195";0.48780487804878003;0.004807692307692308;0.003590292648108494
"16229";0.05021520803443291;0.004807692307692308;0.003586723768736617
"16572";0.047345767575322384;0.009615384615384616;0.0035831548893647397
"16174";0.047345767575322384;0.009615384615384616;0.0035831548893647397
"17951";1.0;0.009615384615384616;0.0035795860099928625
"17646";0.3572453371592541;0.009615384615384616;0.0035760171306209853
"13429";0.08751793400286889;0.014423076923076924;0.003572448251249108
"17126";0.09182209469153513;0.019230769230769232;0.0035653104925053537
"14214";0.1291248206599711;0.019230769230769232;0.0035617416131334765
"13410";0.31276901004304136;0.019230769230769232;0.0035581727337615993
"15508";0.3572453371592541;0.02403846153846154;0.0035474660956459673
